max,mean,min,std,sum,depto,year
{'LST_1KM': 316.95956989247316},{'LST_1KM': 303.51139662877813},{'LST_1KM': 292.54878048780495},{'LST_1KM': 3.176005431666798},{'LST_1KM': 1616661.190708199},HN03,2000
{'LST_1KM': 318.1584},{'LST_1KM': 303.91951071574823},{'LST_1KM': 291.5716666666667},{'LST_1KM': 3.86473758250437},{'LST_1KM': 1618835.0207953532},HN03,2001
{'LST_1KM': 313.0384146341464},{'LST_1KM': 303.44253493039054},{'LST_1KM': 291.31864406779664},{'LST_1KM': 3.6187604114407463},{'LST_1KM': 1616294.3971164392},HN03,2002
{'LST_1KM': 315.09390625},{'LST_1KM': 304.2440693612402},{'LST_1KM': 293.0594520547946},{'LST_1KM': 3.315317235534141},{'LST_1KM': 1620563.7906936295},HN03,2003
{'LST_1KM': 316.728344370861},{'LST_1KM': 302.38602601829166},{'LST_1KM': 291.26281690140837},{'LST_1KM': 3.5897892681779977},{'LST_1KM': 1610666.8754655253},HN03,2004
{'LST_1KM': 316.66569343065703},{'LST_1KM': 303.2777410372542},{'LST_1KM': 292.76176470588234},{'LST_1KM': 3.239193533669632},{'LST_1KM': 1615416.6182440198},HN03,2005
{'LST_1KM': 313.1868027210885},{'LST_1KM': 302.61314887769385},{'LST_1KM': 290.79099999999994},{'LST_1KM': 3.5659426758324435},{'LST_1KM': 1611876.6511655373},HN03,2006
{'LST_1KM': 315.73710526315796},{'LST_1KM': 302.8790295976353},{'LST_1KM': 291.01972222222224},{'LST_1KM': 3.5092645864056045},{'LST_1KM': 1613292.871597657},HN03,2007
{'LST_1KM': 312.0180821917808},{'LST_1KM': 302.64984501446577},{'LST_1KM': 291.4493333333333},{'LST_1KM': 3.399572362907611},{'LST_1KM': 1612072.1140734446},HN03,2008
{'LST_1KM': 312.7561006289309},{'LST_1KM': 302.9021981989881},{'LST_1KM': 291.77768115942024},{'LST_1KM': 3.317155400594563},{'LST_1KM': 1613416.279743335},HN03,2009
{'LST_1KM': 314.63050359712224},{'LST_1KM': 302.65604376094075},{'LST_1KM': 292.53044776119395},{'LST_1KM': 3.1616409265893264},{'LST_1KM': 1612105.1318545507},HN03,2010
{'LST_1KM': 317.0023529411764},{'LST_1KM': 302.92082309354805},{'LST_1KM': 290.9553623188405},{'LST_1KM': 3.46989585592536},{'LST_1KM': 1613515.4857189606},HN03,2011
{'LST_1KM': 323.5198620689656},{'LST_1KM': 302.45234996422363},{'LST_1KM': 290.75424242424236},{'LST_1KM': 3.633565718896306},{'LST_1KM': 1611020.1516541422},HN03,2012
{'LST_1KM': 316.48729927007315},{'LST_1KM': 303.4758123249455},{'LST_1KM': 291.8392},{'LST_1KM': 3.466532023708317},{'LST_1KM': 1616471.6500067834},HN03,2013
{'LST_1KM': 313.84993630573257},{'LST_1KM': 303.0756395401949},{'LST_1KM': 291.1716981132075},{'LST_1KM': 3.449222861870151},{'LST_1KM': 1614340.119468327},HN03,2014
{'LST_1KM': 317.46285714285716},{'LST_1KM': 304.31165538075976},{'LST_1KM': 292.14878787878774},{'LST_1KM': 3.5988788547699184},{'LST_1KM': 1620923.7893493816},HN03,2015
{'LST_1KM': 316.3323178807947},{'LST_1KM': 304.4388012218903},{'LST_1KM': 292.93825000000004},{'LST_1KM': 3.416663958421078},{'LST_1KM': 1621601.034913136},HN03,2016
{'LST_1KM': 314.2214184397163},{'LST_1KM': 303.7852450269974},{'LST_1KM': 291.4904477611941},{'LST_1KM': 3.4550475413980037},{'LST_1KM': 1618119.8511817632},HN03,2017
{'LST_1KM': 314.08056737588635},{'LST_1KM': 303.6824599851079},{'LST_1KM': 292.0501449275363},{'LST_1KM': 3.452804784217138},{'LST_1KM': 1617572.3640361282},HN03,2018
{'LST_1KM': 317.3163333333333},{'LST_1KM': 305.09375133107835},{'LST_1KM': 292.79487804878045},{'LST_1KM': 3.4964782023065686},{'LST_1KM': 1625089.6433645326},HN03,2019
{'LST_1KM': 313.81607594936736},{'LST_1KM': 305.2729633005016},{'LST_1KM': 293.8424096385542},{'LST_1KM': 3.191048813996944},{'LST_1KM': 1626044.220487814},HN03,2020
{'LST_1KM': 314.28980132450334},{'LST_1KM': 303.9370802544981},{'LST_1KM': 292.64799999999997},{'LST_1KM': 3.364906919045605},{'LST_1KM': 1618928.6053913552},HN03,2021
{'LST_1KM': 314.5799999999999},{'LST_1KM': 303.59662592752557},{'LST_1KM': 291.31354838709683},{'LST_1KM': 3.5901949802522424},{'LST_1KM': 1617115.1667404887},HN03,2022
{'LST_1KM': 313.1611538461538},{'LST_1KM': 303.99300426045914},{'LST_1KM': 292.0834693877549},{'LST_1KM': 3.302817807078922},{'LST_1KM': 1619226.4860346208},HN03,2023
{'LST_1KM': 311.61984732824425},{'LST_1KM': 303.28810890805113},{'LST_1KM': 292.6427586206896},{'LST_1KM': 2.9818390952521687},{'LST_1KM': 1615471.8429720988},HN03,2024
{'LST_1KM': 311.2136363636363},{'LST_1KM': 300.2434778356328},{'LST_1KM': 290.01461538461535},{'LST_1KM': 3.1513152536176654},{'LST_1KM': 1599254.5379566194},HN03,2025
{'LST_1KM': 314.7522641509434},{'LST_1KM': 303.17439310265064},{'LST_1KM': 293.26064516129026},{'LST_1KM': 3.5752129517582723},{'LST_1KM': 797337.9535872731},HN12,2000
{'LST_1KM': 316.31006451612876},{'LST_1KM': 303.5300620694838},{'LST_1KM': 293.1001923076923},{'LST_1KM': 3.9868399052603243},{'LST_1KM': 798273.350417022},HN12,2001
{'LST_1KM': 312.91171974522274},{'LST_1KM': 303.5300762783174},{'LST_1KM': 293.0244444444443},{'LST_1KM': 3.9213655970898462},{'LST_1KM': 798273.3877857529},HN12,2002
{'LST_1KM': 316.7518055555558},{'LST_1KM': 303.1453072653388},{'LST_1KM': 294.0778378378379},{'LST_1KM': 3.573160985363029},{'LST_1KM': 797261.4588617019},HN12,2003
{'LST_1KM': 317.18947368421067},{'LST_1KM': 302.03709644385947},{'LST_1KM': 291.8880459770116},{'LST_1KM': 4.039005874724727},{'LST_1KM': 794346.9035145345},HN12,2004
{'LST_1KM': 311.0544785276073},{'LST_1KM': 302.17248990167195},{'LST_1KM': 292.9620560747664},{'LST_1KM': 3.6573873218682453},{'LST_1KM': 794702.9835299887},HN12,2005
{'LST_1KM': 313.84070588235284},{'LST_1KM': 302.2311809462465},{'LST_1KM': 291.83736842105264},{'LST_1KM': 3.958448143731047},{'LST_1KM': 794857.3389057711},HN12,2006
{'LST_1KM': 318.6541975308642},{'LST_1KM': 302.49620306379177},{'LST_1KM': 292.64734693877546},{'LST_1KM': 3.8816800941879186},{'LST_1KM': 795554.3377211933},HN12,2007
{'LST_1KM': 311.8148571428572},{'LST_1KM': 301.85107741463867},{'LST_1KM': 292.0660273972603},{'LST_1KM': 3.849650640446709},{'LST_1KM': 793857.6800330613},HN12,2008
{'LST_1KM': 311.820465116279},{'LST_1KM': 302.38006135888355},{'LST_1KM': 292.46863636363645},{'LST_1KM': 3.647146554284037},{'LST_1KM': 795248.8891364037},HN12,2009
{'LST_1KM': 311.66331125827816},{'LST_1KM': 302.15238968581616},{'LST_1KM': 293.03938144329896},{'LST_1KM': 3.5057158513216535},{'LST_1KM': 794650.1206717073},HN12,2010
{'LST_1KM': 313.4616000000001},{'LST_1KM': 302.03795023340507},{'LST_1KM': 291.6842666666666},{'LST_1KM': 3.842243912475256},{'LST_1KM': 794349.1489509057},HN12,2011
{'LST_1KM': 313.2767346938776},{'LST_1KM': 302.01509067405374},{'LST_1KM': 292.0148148148148},{'LST_1KM': 3.774936321910915},{'LST_1KM': 794289.0291166196},HN12,2012
{'LST_1KM': 315.4805161290323},{'LST_1KM': 302.76980444395247},{'LST_1KM': 292.98599999999976},{'LST_1KM': 3.827762236652657},{'LST_1KM': 796273.8996944968},HN12,2013
{'LST_1KM': 314.71963855421694},{'LST_1KM': 302.80368209803015},{'LST_1KM': 292.4994805194805},{'LST_1KM': 3.8440944452390915},{'LST_1KM': 796362.9967290391},HN12,2014
{'LST_1KM': 318.7329885057471},{'LST_1KM': 304.13334735309616},{'LST_1KM': 293.20817204301073},{'LST_1KM': 3.9936640073961525},{'LST_1KM': 799859.9694205007},HN12,2015
{'LST_1KM': 313.9189610389612},{'LST_1KM': 302.8516678083919},{'LST_1KM': 292.8959550561798},{'LST_1KM': 3.7863787136954854},{'LST_1KM': 796489.1974536772},HN12,2016
{'LST_1KM': 313.99351351351356},{'LST_1KM': 302.88526009064645},{'LST_1KM': 292.1298550724637},{'LST_1KM': 3.7918329247995604},{'LST_1KM': 796577.5439703967},HN12,2017
{'LST_1KM': 314.143113772455},{'LST_1KM': 303.1479669403008},{'LST_1KM': 293.0355789473685},{'LST_1KM': 3.7922135914165627},{'LST_1KM': 797268.4537129812},HN12,2018
{'LST_1KM': 316.31696629213496},{'LST_1KM': 303.6135269316548},{'LST_1KM': 293.5868},{'LST_1KM': 3.7753155155912372},{'LST_1KM': 798492.8600587131},HN12,2019
{'LST_1KM': 315.3271698113208},{'LST_1KM': 304.086576094051},{'LST_1KM': 293.993786407767},{'LST_1KM': 3.6112634799533354},{'LST_1KM': 799736.9626599622},HN12,2020
{'LST_1KM': 315.9167857142855},{'LST_1KM': 302.9178230461194},{'LST_1KM': 292.54187499999995},{'LST_1KM': 3.8753949564297585},{'LST_1KM': 796663.1833940097},HN12,2021
{'LST_1KM': 316.39842105263165},{'LST_1KM': 302.4897897342066},{'LST_1KM': 291.41812500000003},{'LST_1KM': 4.002553170425317},{'LST_1KM': 795537.4708907373},HN12,2022
{'LST_1KM': 315.0381481481482},{'LST_1KM': 302.53003651029985},{'LST_1KM': 292.56555555555553},{'LST_1KM': 3.6681093630143633},{'LST_1KM': 795643.318491388},HN12,2023
{'LST_1KM': 313.54902777777784},{'LST_1KM': 301.82125409904825},{'LST_1KM': 292.73216494845354},{'LST_1KM': 3.369183890894288},{'LST_1KM': 793779.2457656461},HN12,2024
{'LST_1KM': 317.4458333333334},{'LST_1KM': 299.8534623055952},{'LST_1KM': 290.0551724137931},{'LST_1KM': 4.293815655993265},{'LST_1KM': 788604.0228003396},HN12,2025
{'LST_1KM': 311.7336134453782},{'LST_1KM': 303.0553548368119},{'LST_1KM': 288.95913043478254},{'LST_1KM': 3.683998519219545},{'LST_1KM': 1348841.150212426},HN13,2000
{'LST_1KM': 312.44318407960196},{'LST_1KM': 303.41270424199445},{'LST_1KM': 288.8081481481482},{'LST_1KM': 3.96710454518586},{'LST_1KM': 1350431.643747753},HN13,2001
{'LST_1KM': 312.14900990099},{'LST_1KM': 303.4084456885301},{'LST_1KM': 289.15822580645164},{'LST_1KM': 3.9041993939731494},{'LST_1KM': 1350412.6897445933},HN13,2002
{'LST_1KM': 309.97162303664936},{'LST_1KM': 303.08065991976343},{'LST_1KM': 289.5946341463416},{'LST_1KM': 3.4477524763991014},{'LST_1KM': 1348953.778274098},HN13,2003
{'LST_1KM': 310.7098113207549},{'LST_1KM': 302.37054341895777},{'LST_1KM': 289.10810344827587},{'LST_1KM': 3.76895046655977},{'LST_1KM': 1345793.1861827709},HN13,2004
{'LST_1KM': 310.29907514450866},{'LST_1KM': 302.50120360788105},{'LST_1KM': 288.705652173913},{'LST_1KM': 3.695197342025845},{'LST_1KM': 1346374.7295764163},HN13,2005
{'LST_1KM': 311.0670351758794},{'LST_1KM': 302.35717982551137},{'LST_1KM': 288.66043956043967},{'LST_1KM': 3.7984678673658596},{'LST_1KM': 1345733.7073962472},HN13,2006
{'LST_1KM': 310.97779005524876},{'LST_1KM': 302.4839249286635},{'LST_1KM': 288.8079661016949},{'LST_1KM': 3.69323643983414},{'LST_1KM': 1346297.8254954359},HN13,2007
{'LST_1KM': 310.8100584795322},{'LST_1KM': 302.171590297813},{'LST_1KM': 288.3717391304347},{'LST_1KM': 3.757521219555567},{'LST_1KM': 1344907.6840707632},HN13,2008
{'LST_1KM': 310.41427184466016},{'LST_1KM': 302.45625975667576},{'LST_1KM': 289.2203539823008},{'LST_1KM': 3.686021044811702},{'LST_1KM': 1346174.6931309712},HN13,2009
{'LST_1KM': 310.77216374269017},{'LST_1KM': 302.44508161774843},{'LST_1KM': 289.9664},{'LST_1KM': 3.5993375669195844},{'LST_1KM': 1346124.9413825616},HN13,2010
{'LST_1KM': 311.3603174603174},{'LST_1KM': 302.35379649097354},{'LST_1KM': 288.4465957446809},{'LST_1KM': 3.7586250118713966},{'LST_1KM': 1345718.6488243502},HN13,2011
{'LST_1KM': 310.3552040816326},{'LST_1KM': 302.17934786311946},{'LST_1KM': 288.5350909090908},{'LST_1KM': 3.6594817135201274},{'LST_1KM': 1344942.2115032729},HN13,2012
{'LST_1KM': 310.2619148936172},{'LST_1KM': 302.9151029077263},{'LST_1KM': 289.5928000000001},{'LST_1KM': 3.592686471149396},{'LST_1KM': 1348216.9158264366},HN13,2013
{'LST_1KM': 311.26030456852783},{'LST_1KM': 302.8135729790521},{'LST_1KM': 288.9666666666668},{'LST_1KM': 3.7809185058722306},{'LST_1KM': 1347765.0256235802},HN13,2014
{'LST_1KM': 311.7884693877551},{'LST_1KM': 303.68621435358006},{'LST_1KM': 289.4226666666667},{'LST_1KM': 3.7401509192360316},{'LST_1KM': 1351648.9846975754},HN13,2015
{'LST_1KM': 312.71151999999995},{'LST_1KM': 303.0665476803084},{'LST_1KM': 289.2525252525252},{'LST_1KM': 3.693507138187953},{'LST_1KM': 1348890.9674080473},HN13,2016
{'LST_1KM': 312.4625510204082},{'LST_1KM': 303.12088487742966},{'LST_1KM': 289.3474509803921},{'LST_1KM': 3.837069630504892},{'LST_1KM': 1349132.8118311686},HN13,2017
{'LST_1KM': 311.72915789473666},{'LST_1KM': 303.12403604544676},{'LST_1KM': 288.999344262295},{'LST_1KM': 3.822776802946864},{'LST_1KM': 1349146.8370744942},HN13,2018
{'LST_1KM': 311.4579411764706},{'LST_1KM': 303.34959727303345},{'LST_1KM': 289.8577272727273},{'LST_1KM': 3.699926345395186},{'LST_1KM': 1350150.7667553448},HN13,2019
{'LST_1KM': 312.0181967213115},{'LST_1KM': 303.95437554252857},{'LST_1KM': 289.795593220339},{'LST_1KM': 3.7390982370454786},{'LST_1KM': 1352842.5186205725},HN13,2020
{'LST_1KM': 312.3247668393783},{'LST_1KM': 302.95836450485757},{'LST_1KM': 289.2541176470589},{'LST_1KM': 3.824507252201326},{'LST_1KM': 1348409.4648822553},HN13,2021
{'LST_1KM': 310.38716577540106},{'LST_1KM': 302.4567622545659},{'LST_1KM': 288.1179629629631},{'LST_1KM': 3.820779457119365},{'LST_1KM': 1346176.9296525216},HN13,2022
{'LST_1KM': 310.07496503496515},{'LST_1KM': 302.686861314246},{'LST_1KM': 289.480882352941},{'LST_1KM': 3.591407406727386},{'LST_1KM': 1347201.0563520445},HN13,2023
{'LST_1KM': 311.7813414634146},{'LST_1KM': 302.12440202314605},{'LST_1KM': 289.7191240875912},{'LST_1KM': 3.484238407396208},{'LST_1KM': 1344697.6581277712},HN13,2024
{'LST_1KM': 314.0567857142857},{'LST_1KM': 300.24605687826954},{'LST_1KM': 287.5478048780488},{'LST_1KM': 4.1385315601880786},{'LST_1KM': 1336337.5048248363},HN13,2025
{'LST_1KM': 318.40479999999997},{'LST_1KM': 302.552840316596},{'LST_1KM': 292.1084848484849},{'LST_1KM': 3.3256751455694045},{'LST_1KM': 7557609.776075451},HN15,2000
{'LST_1KM': 320.0830769230769},{'LST_1KM': 301.72249416949313},{'LST_1KM': 291.72740740740744},{'LST_1KM': 3.3457358387408966},{'LST_1KM': 7536868.16891584},HN15,2001
{'LST_1KM': 316.642018348624},{'LST_1KM': 301.6180880721103},{'LST_1KM': 292.2021052631579},{'LST_1KM': 2.9663081311234567},{'LST_1KM': 7534260.159877033},HN15,2002
{'LST_1KM': 325.41564516129046},{'LST_1KM': 302.97630707166945},{'LST_1KM': 293.9191111111112},{'LST_1KM': 3.2319477181219796},{'LST_1KM': 7568187.751428903},HN15,2003
{'LST_1KM': 317.87712000000016},{'LST_1KM': 300.8517608889078},{'LST_1KM': 290.9377777777778},{'LST_1KM': 2.870583959224637},{'LST_1KM': 7515117.712543261},HN15,2004
{'LST_1KM': 320.2435087719299},{'LST_1KM': 302.0895545021998},{'LST_1KM': 292.5268085106383},{'LST_1KM': 2.895436762089359},{'LST_1KM': 7546037.141700794},HN15,2005
{'LST_1KM': 321.45510204081626},{'LST_1KM': 301.68521798475086},{'LST_1KM': 291.97081081081086},{'LST_1KM': 3.0379195401790335},{'LST_1KM': 7535937.029555429},HN15,2006
{'LST_1KM': 316.67583333333357},{'LST_1KM': 301.2705478451522},{'LST_1KM': 291.8422727272727},{'LST_1KM': 2.686139012346459},{'LST_1KM': 7525578.7889995035},HN15,2007
{'LST_1KM': 318.62687999999997},{'LST_1KM': 301.83984660850336},{'LST_1KM': 291.5096774193549},{'LST_1KM': 3.053267762379395},{'LST_1KM': 7539799.570714553},HN15,2008
{'LST_1KM': 317.37079646017685},{'LST_1KM': 301.8285356756335},{'LST_1KM': 293.23515151515153},{'LST_1KM': 2.8993469746515492},{'LST_1KM': 7539517.029599604},HN15,2009
{'LST_1KM': 315.7536842105264},{'LST_1KM': 301.86659407936526},{'LST_1KM': 292.2442857142856},{'LST_1KM': 2.756358006601899},{'LST_1KM': 7540467.708376258},HN15,2010
{'LST_1KM': 323.90542056074764},{'LST_1KM': 302.8019032193012},{'LST_1KM': 291.72967741935486},{'LST_1KM': 3.239359893545641},{'LST_1KM': 7563831.235528196},HN15,2011
{'LST_1KM': 324.40913793103437},{'LST_1KM': 301.5474836400702},{'LST_1KM': 291.36086956521734},{'LST_1KM': 2.929746131571585},{'LST_1KM': 7532496.498543489},HN15,2012
{'LST_1KM': 323.4948529411765},{'LST_1KM': 302.22276532861036},{'LST_1KM': 292.3234285714286},{'LST_1KM': 3.037075711224971},{'LST_1KM': 7549364.677621151},HN15,2013
{'LST_1KM': 319.8694214876033},{'LST_1KM': 301.7775997605377},{'LST_1KM': 291.1741176470588},{'LST_1KM': 2.931407554175724},{'LST_1KM': 7538244.677406586},HN15,2014
{'LST_1KM': 327.91788617886175},{'LST_1KM': 302.47073396611256},{'LST_1KM': 292.544375},{'LST_1KM': 3.0831423821332575},{'LST_1KM': 7555558.802908442},HN15,2015
{'LST_1KM': 324.3500000000001},{'LST_1KM': 303.3493449388948},{'LST_1KM': 292.77142857142854},{'LST_1KM': 3.249342808503073},{'LST_1KM': 7577506.039861556},HN15,2016
{'LST_1KM': 315.5727102803739},{'LST_1KM': 301.7632420378923},{'LST_1KM': 291.5165714285716},{'LST_1KM': 2.607548654199405},{'LST_1KM': 7537886.02909605},HN15,2017
{'LST_1KM': 320.5979687499999},{'LST_1KM': 302.3806488133695},{'LST_1KM': 291.910625},{'LST_1KM': 2.804269114435035},{'LST_1KM': 7553308.52348506},HN15,2018
{'LST_1KM': 329.17966942148763},{'LST_1KM': 303.58637225478776},{'LST_1KM': 292.64177777777763},{'LST_1KM': 3.367451585182312},{'LST_1KM': 7583426.856727513},HN15,2019
{'LST_1KM': 326.68887218045097},{'LST_1KM': 304.31930613124},{'LST_1KM': 293.84618181818183},{'LST_1KM': 2.9511571213963026},{'LST_1KM': 7601735.156937473},HN15,2020
{'LST_1KM': 324.89536231884057},{'LST_1KM': 302.80011310428193},{'LST_1KM': 291.85128205128206},{'LST_1KM': 2.9742932404207156},{'LST_1KM': 7563786.519402722},HN15,2021
{'LST_1KM': 324.1064583333333},{'LST_1KM': 302.1785003056016},{'LST_1KM': 292.1237837837837},{'LST_1KM': 2.9303751756252754},{'LST_1KM': 7548258.960780815},HN15,2022
{'LST_1KM': 324.0831111111111},{'LST_1KM': 302.9504028860579},{'LST_1KM': 293.4265517241379},{'LST_1KM': 2.6719465919277536},{'LST_1KM': 7567540.678586307},HN15,2023
{'LST_1KM': 322.5442105263158},{'LST_1KM': 302.5937357912019},{'LST_1KM': 292.86432432432423},{'LST_1KM': 2.5311946195773345},{'LST_1KM': 7558631.32338056},HN15,2024
{'LST_1KM': 306.10538461538465},{'LST_1KM': 298.8569093138342},{'LST_1KM': 289.0810526315789},{'LST_1KM': 2.1193882203887244},{'LST_1KM': 7465287.376295815},HN15,2025
{'LST_1KM': 321.01526881720423},{'LST_1KM': 304.0669014077543},{'LST_1KM': 292.4271428571429},{'LST_1KM': 3.7229273513698273},{'LST_1KM': 2483561.2145759217},HN18,2000
{'LST_1KM': 324.6866666666668},{'LST_1KM': 303.78233710551547},{'LST_1KM': 292.289268292683},{'LST_1KM': 3.93994770536842},{'LST_1KM': 2481236.94692028},HN18,2001
{'LST_1KM': 327.4134666666665},{'LST_1KM': 303.72875665638554},{'LST_1KM': 292.14263736263734},{'LST_1KM': 3.9792167867981987},{'LST_1KM': 2480799.3118975186},HN18,2002
{'LST_1KM': 325.38576000000006},{'LST_1KM': 304.27253191322313},{'LST_1KM': 292.80623655913985},{'LST_1KM': 3.7572609456626616},{'LST_1KM': 2485240.7658376726},HN18,2003
{'LST_1KM': 327.3211666666666},{'LST_1KM': 302.73298678234016},{'LST_1KM': 291.3897297297297},{'LST_1KM': 3.801372533637444},{'LST_1KM': 2472666.051005351},HN18,2004
{'LST_1KM': 321.5208888888889},{'LST_1KM': 303.90818398414245},{'LST_1KM': 292.4062500000001},{'LST_1KM': 3.6297837245145046},{'LST_1KM': 2482264.840536081},HN18,2005
{'LST_1KM': 321.0447540983608},{'LST_1KM': 302.9145065533139},{'LST_1KM': 291.5390476190476},{'LST_1KM': 3.5866752393483696},{'LST_1KM': 2474148.670326237},HN18,2006
{'LST_1KM': 317.73127819548864},{'LST_1KM': 303.0794111616064},{'LST_1KM': 291.9814814814815},{'LST_1KM': 3.5303828330293814},{'LST_1KM': 2475495.580125903},HN18,2007
{'LST_1KM': 321.37165217391293},{'LST_1KM': 303.4105518836277},{'LST_1KM': 292.24},{'LST_1KM': 3.6643214861211275},{'LST_1KM': 2478200.2752110013},HN18,2008
{'LST_1KM': 328.3909722222222},{'LST_1KM': 303.80149720384844},{'LST_1KM': 292.2077922077922},{'LST_1KM': 3.77797517619118},{'LST_1KM': 2481393.442996857},HN18,2009
{'LST_1KM': 326.3718},{'LST_1KM': 303.11807711156973},{'LST_1KM': 291.7095522388058},{'LST_1KM': 3.465587605261027},{'LST_1KM': 2475811.3963269065},HN18,2010
{'LST_1KM': 326.07206611570234},{'LST_1KM': 303.7699228528961},{'LST_1KM': 291.9326829268293},{'LST_1KM': 3.625249647202207},{'LST_1KM': 2481135.5496416856},HN18,2011
{'LST_1KM': 324.1609230769232},{'LST_1KM': 302.91689459683386},{'LST_1KM': 291.60807692307696},{'LST_1KM': 3.7973080990340127},{'LST_1KM': 2474168.175416194},HN18,2012
{'LST_1KM': 322.2031818181818},{'LST_1KM': 303.4310295305268},{'LST_1KM': 292.15010989010995},{'LST_1KM': 3.5322930018150105},{'LST_1KM': 2478367.5327762575},HN18,2013
{'LST_1KM': 325.1001388888888},{'LST_1KM': 303.6852480625261},{'LST_1KM': 291.71195652173907},{'LST_1KM': 3.5989847940769577},{'LST_1KM': 2480443.9418927277},HN18,2014
{'LST_1KM': 323.67885245901647},{'LST_1KM': 304.2678393834132},{'LST_1KM': 292.7393617021277},{'LST_1KM': 3.429939528291986},{'LST_1KM': 2485202.4381374847},HN18,2015
{'LST_1KM': 327.0134453781511},{'LST_1KM': 304.5882286093475},{'LST_1KM': 292.7416091954023},{'LST_1KM': 3.766593204571049},{'LST_1KM': 2487819.317026356},HN18,2016
{'LST_1KM': 316.45727999999997},{'LST_1KM': 304.0211920470185},{'LST_1KM': 292.25523809523816},{'LST_1KM': 3.4727502892829016},{'LST_1KM': 2483187.8691215464},HN18,2017
{'LST_1KM': 324.8528169014085},{'LST_1KM': 303.9350674951406},{'LST_1KM': 292.1921212121214},{'LST_1KM': 3.4765362558936124},{'LST_1KM': 2482484.419993488},HN18,2018
{'LST_1KM': 330.9022818791947},{'LST_1KM': 305.5293230116705},{'LST_1KM': 292.9648214285715},{'LST_1KM': 3.9339541836966263},{'LST_1KM': 2495505.9989573485},HN18,2019
{'LST_1KM': 325.87397058823547},{'LST_1KM': 305.35107566337126},{'LST_1KM': 293.79575757575765},{'LST_1KM': 3.314618838421675},{'LST_1KM': 2494050.1081688823},HN18,2020
{'LST_1KM': 327.5784827586208},{'LST_1KM': 304.7305273298416},{'LST_1KM': 292.62875000000014},{'LST_1KM': 3.7218543703366715},{'LST_1KM': 2488981.58618971},HN18,2021
{'LST_1KM': 317.8022580645161},{'LST_1KM': 303.8987829125548},{'LST_1KM': 291.4475},{'LST_1KM': 3.6704462646855003},{'LST_1KM': 2482188.0543529666},HN18,2022
{'LST_1KM': 321.6527419354838},{'LST_1KM': 304.7803933253607},{'LST_1KM': 292.89376146788993},{'LST_1KM': 3.451643832546708},{'LST_1KM': 2489388.88225457},HN18,2023
{'LST_1KM': 316.2177966101696},{'LST_1KM': 303.9661388962468},{'LST_1KM': 292.31653061224506},{'LST_1KM': 3.0685510566140533},{'LST_1KM': 2482738.2053489895},HN18,2024
{'LST_1KM': 308.6358823529411},{'LST_1KM': 300.12226115123485},{'LST_1KM': 290.12647058823535},{'LST_1KM': 2.8908150504581633},{'LST_1KM': 2451342.13548119},HN18,2025
{'LST_1KM': 327.74468468468467},{'LST_1KM': 310.48239908561277},{'LST_1KM': 303.59421686746987},{'LST_1KM': 2.838505654692288},{'LST_1KM': 518482.47249029606},HN17,2000
{'LST_1KM': 325.38802469135805},{'LST_1KM': 311.8678970229089},{'LST_1KM': 301.86999999999995},{'LST_1KM': 3.357040842139027},{'LST_1KM': 520853.63234636205},HN17,2001
{'LST_1KM': 330.14151162790694},{'LST_1KM': 312.61523012949226},{'LST_1KM': 304.77},{'LST_1KM': 3.612175971713992},{'LST_1KM': 522067.4343162518},HN17,2002
{'LST_1KM': 327.73187499999995},{'LST_1KM': 310.62999306635845},{'LST_1KM': 303.911414141414},{'LST_1KM': 2.894097787890176},{'LST_1KM': 518753.30657765386},HN17,2003
{'LST_1KM': 328.1635754189943},{'LST_1KM': 310.37725662114264},{'LST_1KM': 301.88},{'LST_1KM': 2.9307588866184164},{'LST_1KM': 518317.84690018557},HN17,2004
{'LST_1KM': 337.6134814814813},{'LST_1KM': 310.0853798321084},{'LST_1KM': 303.0465060240963},{'LST_1KM': 3.1796428210605203},{'LST_1KM': 517880.2809736396},HN17,2005
{'LST_1KM': 326.27852348993304},{'LST_1KM': 310.5678575991312},{'LST_1KM': 303.62755244755243},{'LST_1KM': 2.8313666247808036},{'LST_1KM': 518651.97593004996},HN17,2006
{'LST_1KM': 333.6230864197531},{'LST_1KM': 310.6311610436363},{'LST_1KM': 303.4978481012659},{'LST_1KM': 3.2363538984959157},{'LST_1KM': 518746.72997437726},HN17,2007
{'LST_1KM': 330.0573793103448},{'LST_1KM': 309.91791689756406},{'LST_1KM': 302.26060150375923},{'LST_1KM': 3.1027848179422444},{'LST_1KM': 517446.2462384526},HN17,2008
{'LST_1KM': 324.5259887005649},{'LST_1KM': 310.51729006542115},{'LST_1KM': 302.9703846153847},{'LST_1KM': 2.923545498271897},{'LST_1KM': 518549.261830897},HN17,2009
{'LST_1KM': 331.054605263158},{'LST_1KM': 310.244904221876},{'LST_1KM': 303.36966666666655},{'LST_1KM': 3.098787432731944},{'LST_1KM': 518054.2409497877},HN17,2010
{'LST_1KM': 330.98634146341476},{'LST_1KM': 310.3537853703588},{'LST_1KM': 302.9151677852349},{'LST_1KM': 3.190208874484562},{'LST_1KM': 518313.9459681933},HN17,2011
{'LST_1KM': 327.09819354838726},{'LST_1KM': 310.0711200442701},{'LST_1KM': 302.31},{'LST_1KM': 3.055777237607961},{'LST_1KM': 517795.66713557456},HN17,2012
{'LST_1KM': 325.1840816326531},{'LST_1KM': 311.0301327608976},{'LST_1KM': 302.2733333333333},{'LST_1KM': 2.9765873383632195},{'LST_1KM': 519373.97212228726},HN17,2013
{'LST_1KM': 324.903352601156},{'LST_1KM': 311.2458497253129},{'LST_1KM': 303.7192045454544},{'LST_1KM': 3.0102363202184765},{'LST_1KM': 519895.30280548474},HN17,2014
{'LST_1KM': 325.71226666666655},{'LST_1KM': 312.98453170845346},{'LST_1KM': 303.755},{'LST_1KM': 3.409537270146232},{'LST_1KM': 522799.542643237},HN17,2015
{'LST_1KM': 322.78176870748314},{'LST_1KM': 310.9961170620358},{'LST_1KM': 302.396},{'LST_1KM': 2.9036563861054736},{'LST_1KM': 519362.29590098356},HN17,2016
{'LST_1KM': 330.1228571428571},{'LST_1KM': 310.90118102687694},{'LST_1KM': 303.5565562913907},{'LST_1KM': 3.092198696869033},{'LST_1KM': 519114.7500113705},HN17,2017
{'LST_1KM': 330.016595744681},{'LST_1KM': 311.9190392043385},{'LST_1KM': 303.26},{'LST_1KM': 3.392311666466437},{'LST_1KM': 520898.6794116528},HN17,2018
{'LST_1KM': 325.50214689265516},{'LST_1KM': 312.11969787274586},{'LST_1KM': 303.92738095238093},{'LST_1KM': 3.039629174907242},{'LST_1KM': 521226.4314605182},HN17,2019
{'LST_1KM': 324.92335570469794},{'LST_1KM': 311.6649840075057},{'LST_1KM': 303.52994475138144},{'LST_1KM': 2.809314585046672},{'LST_1KM': 520572.1894643012},HN17,2020
{'LST_1KM': 323.9819393939394},{'LST_1KM': 311.02774613331775},{'LST_1KM': 303.85013333333336},{'LST_1KM': 2.894468643519106},{'LST_1KM': 519466.34442535206},HN17,2021
{'LST_1KM': 329.25534883720945},{'LST_1KM': 310.6054207733333},{'LST_1KM': 303.4529927007299},{'LST_1KM': 2.9071884323975135},{'LST_1KM': 518728.10553809704},HN17,2022
{'LST_1KM': 330.9897986577181},{'LST_1KM': 310.37728218290613},{'LST_1KM': 303.090705882353},{'LST_1KM': 2.921886873107634},{'LST_1KM': 518309.3694266408},HN17,2023
{'LST_1KM': 327.78797101449294},{'LST_1KM': 309.10734720153147},{'LST_1KM': 301.75999999999993},{'LST_1KM': 2.8500816055024902},{'LST_1KM': 516214.1185692585},HN17,2024
{'LST_1KM': 337.5984905660377},{'LST_1KM': 309.21346284539885},{'LST_1KM': 300.83777777777783},{'LST_1KM': 3.503730709727643},{'LST_1KM': 516017.8520000315},HN17,2025
{'LST_1KM': 333.3074285714286},{'LST_1KM': 303.8480132594518},{'LST_1KM': 296.60903225806453},{'LST_1KM': 2.827562372903994},{'LST_1KM': 5017703.194776478},HN09,2000
{'LST_1KM': 321.2766666666667},{'LST_1KM': 303.2973318080093},{'LST_1KM': 296.9381818181818},{'LST_1KM': 2.493561531737754},{'LST_1KM': 5008962.571217078},HN09,2001
{'LST_1KM': 318.3209523809523},{'LST_1KM': 303.22193765460986},{'LST_1KM': 297.64105263157893},{'LST_1KM': 2.215968690971067},{'LST_1KM': 5006952.840074562},HN09,2002
{'LST_1KM': 321.1902127659575},{'LST_1KM': 304.094483999896},{'LST_1KM': 298.48461538461527},{'LST_1KM': 2.5277154319492516},{'LST_1KM': 5020824.12598727},HN09,2003
{'LST_1KM': 312.324406779661},{'LST_1KM': 302.92099069855334},{'LST_1KM': 297.13828571428576},{'LST_1KM': 1.9414032897447677},{'LST_1KM': 5002160.453765191},HN09,2004
{'LST_1KM': 319.42076923076917},{'LST_1KM': 304.5894249212422},{'LST_1KM': 296.05},{'LST_1KM': 3.0225419303760197},{'LST_1KM': 5029231.275757921},HN09,2005
{'LST_1KM': 320.3211111111111},{'LST_1KM': 303.32850088715645},{'LST_1KM': 297.2871428571428},{'LST_1KM': 2.334995530925603},{'LST_1KM': 5009790.1739817355},HN09,2006
{'LST_1KM': 316.2952173913042},{'LST_1KM': 303.29202234918046},{'LST_1KM': 297.7291666666667},{'LST_1KM': 2.148281528637416},{'LST_1KM': 5007484.499598704},HN09,2007
{'LST_1KM': 319.24564102564096},{'LST_1KM': 303.19752563803746},{'LST_1KM': 295.90133333333335},{'LST_1KM': 2.298852133290359},{'LST_1KM': 5006881.470366389},HN09,2008
{'LST_1KM': 320.65822222222226},{'LST_1KM': 303.28578984585357},{'LST_1KM': 295.5},{'LST_1KM': 2.05929576754138},{'LST_1KM': 5007976.276250671},HN09,2009
{'LST_1KM': 320.41194444444443},{'LST_1KM': 303.9306992757148},{'LST_1KM': 294.32},{'LST_1KM': 2.1232323279985215},{'LST_1KM': 5018273.672617228},HN09,2010
{'LST_1KM': 316.48208333333326},{'LST_1KM': 303.89045701155266},{'LST_1KM': 294.68},{'LST_1KM': 2.3035448447068343},{'LST_1KM': 5017905.96290257},HN09,2011
{'LST_1KM': 319.7675},{'LST_1KM': 303.3704453532027},{'LST_1KM': 296.0133333333333},{'LST_1KM': 2.1240197637590805},{'LST_1KM': 5009529.990980973},HN09,2012
{'LST_1KM': 314.3582608695652},{'LST_1KM': 303.92401211894474},{'LST_1KM': 297.04125},{'LST_1KM': 2.2262207008420862},{'LST_1KM': 5018347.997470914},HN09,2013
{'LST_1KM': 329.65069767441867},{'LST_1KM': 304.11651059181276},{'LST_1KM': 296.98055555555555},{'LST_1KM': 2.563224480930373},{'LST_1KM': 5021299.906953128},HN09,2014
{'LST_1KM': 315.35632653061214},{'LST_1KM': 303.93576578311126},{'LST_1KM': 296.44},{'LST_1KM': 2.1893729890923064},{'LST_1KM': 5018648.151763888},HN09,2015
{'LST_1KM': 322.48862068965525},{'LST_1KM': 304.5258735385775},{'LST_1KM': 298.5540425531916},{'LST_1KM': 2.383469446609728},{'LST_1KM': 5028190.306013784},HN09,2016
{'LST_1KM': 318.82500000000005},{'LST_1KM': 303.8988402921815},{'LST_1KM': 298.00095238095236},{'LST_1KM': 1.9505688879576408},{'LST_1KM': 5018047.9647538215},HN09,2017
{'LST_1KM': 333.16937499999995},{'LST_1KM': 304.17259662267486},{'LST_1KM': 295.43},{'LST_1KM': 2.5707960270960393},{'LST_1KM': 5023027.533601842},HN09,2018
{'LST_1KM': 322.11694915254225},{'LST_1KM': 304.68023282843836},{'LST_1KM': 298.25333333333344},{'LST_1KM': 2.3454321791810635},{'LST_1KM': 5031085.514267277},HN09,2019
{'LST_1KM': 324.55245283018866},{'LST_1KM': 305.55843709313604},{'LST_1KM': 299.7768627450981},{'LST_1KM': 2.381070425220322},{'LST_1KM': 5045353.353109104},HN09,2020
{'LST_1KM': 325.28156862745107},{'LST_1KM': 304.54471116593675},{'LST_1KM': 294.44},{'LST_1KM': 2.1751382013112233},{'LST_1KM': 5029274.051760991},HN09,2021
{'LST_1KM': 318.97169811320754},{'LST_1KM': 303.90415726134904},{'LST_1KM': 297.3592},{'LST_1KM': 1.9558097498891418},{'LST_1KM': 5017691.22546261},HN09,2022
{'LST_1KM': 321.55310344827603},{'LST_1KM': 305.64702839521465},{'LST_1KM': 298.12},{'LST_1KM': 2.476523000152618},{'LST_1KM': 5047163.76327975},HN09,2023
{'LST_1KM': 314.86400000000003},{'LST_1KM': 304.4327043777825},{'LST_1KM': 297.9857142857143},{'LST_1KM': 2.07047956586687},{'LST_1KM': 5026620.899747},HN09,2024
{'LST_1KM': 329.7475862068966},{'LST_1KM': 301.44385929304696},{'LST_1KM': 295.9130434782609},{'LST_1KM': 1.7122050416969314},{'LST_1KM': 4975813.207806606},HN09,2025
{'LST_1KM': 336.4252727272727},{'LST_1KM': 309.6602144960259},{'LST_1KM': 297.70000000000005},{'LST_1KM': 3.398908536287289},{'LST_1KM': 1407653.4030560367},HN06,2000
{'LST_1KM': 328.44543209876554},{'LST_1KM': 310.6326453831899},{'LST_1KM': 297.8870399999999},{'LST_1KM': 3.567175859387933},{'LST_1KM': 1411832.682270021},HN06,2001
{'LST_1KM': 326.07946308724837},{'LST_1KM': 310.63156706889595},{'LST_1KM': 298.48666666666674},{'LST_1KM': 3.4516598015775157},{'LST_1KM': 1412452.6989293448},HN06,2002
{'LST_1KM': 320.77600000000007},{'LST_1KM': 309.14545598389856},{'LST_1KM': 297.3075},{'LST_1KM': 3.3468236216753695},{'LST_1KM': 1405313.413811608},HN06,2003
{'LST_1KM': 328.3693333333335},{'LST_1KM': 309.1916860934614},{'LST_1KM': 296.82672566371673},{'LST_1KM': 3.341624078281449},{'LST_1KM': 1404665.1050210933},HN06,2004
{'LST_1KM': 325.7729496402877},{'LST_1KM': 308.81974642981146},{'LST_1KM': 296.80037383177574},{'LST_1KM': 3.236951058284379},{'LST_1KM': 1402916.0325439826},HN06,2005
{'LST_1KM': 322.9621965317918},{'LST_1KM': 309.2528064728188},{'LST_1KM': 297.20160000000004},{'LST_1KM': 3.361499692743034},{'LST_1KM': 1406179.787568532},HN06,2006
{'LST_1KM': 330.63},{'LST_1KM': 308.838499504228},{'LST_1KM': 296.4118461538461},{'LST_1KM': 3.6412383115610223},{'LST_1KM': 1404295.9240339503},HN06,2007
{'LST_1KM': 326.02260869565237},{'LST_1KM': 308.7352339883107},{'LST_1KM': 296.7545054945055},{'LST_1KM': 3.547004429518247},{'LST_1KM': 1404075.782943304},HN06,2008
{'LST_1KM': 348.02666666666664},{'LST_1KM': 309.11071793649586},{'LST_1KM': 296.77927272727277},{'LST_1KM': 3.437398915292192},{'LST_1KM': 1404856.0884689393},HN06,2009
{'LST_1KM': 325.2818750000004},{'LST_1KM': 308.78703539082886},{'LST_1KM': 296.5958974358974},{'LST_1KM': 3.465993306270754},{'LST_1KM': 1403753.1284640133},HN06,2010
{'LST_1KM': 337.0466666666667},{'LST_1KM': 308.83902970470837},{'LST_1KM': 296.18634615384616},{'LST_1KM': 3.6784254839485357},{'LST_1KM': 1404232.9336617193},HN06,2011
{'LST_1KM': 330.66061349693257},{'LST_1KM': 308.2800758896529},{'LST_1KM': 296.04456140350874},{'LST_1KM': 3.756417548981353},{'LST_1KM': 1401760.3855435203},HN06,2012
{'LST_1KM': 326.4604444444445},{'LST_1KM': 309.85250423141025},{'LST_1KM': 297.28376237623763},{'LST_1KM': 3.6155032097130886},{'LST_1KM': 1409220.1252151933},HN06,2013
{'LST_1KM': 323.9677987421384},{'LST_1KM': 310.0585764423667},{'LST_1KM': 297.50170542635664},{'LST_1KM': 3.2920276461937457},{'LST_1KM': 1410153.701155802},HN06,2014
{'LST_1KM': 323.93863636363625},{'LST_1KM': 311.052279916607},{'LST_1KM': 296.8088695652173},{'LST_1KM': 3.7126083565001156},{'LST_1KM': 1414362.0356579886},HN06,2015
{'LST_1KM': 320.68356589147294},{'LST_1KM': 309.9062375056743},{'LST_1KM': 297.4079629629628},{'LST_1KM': 3.3657249829324094},{'LST_1KM': 1408841.047612268},HN06,2016
{'LST_1KM': 325.33434210526303},{'LST_1KM': 309.1549553517854},{'LST_1KM': 296.4178},{'LST_1KM': 3.7544649704930566},{'LST_1KM': 1406044.0111741656},HN06,2017
{'LST_1KM': 325.1542281879197},{'LST_1KM': 310.17870108097327},{'LST_1KM': 297.12720720720716},{'LST_1KM': 3.8795591421374427},{'LST_1KM': 1410023.7196315837},HN06,2018
{'LST_1KM': 326.09512195121937},{'LST_1KM': 310.6556746309783},{'LST_1KM': 297.6929411764706},{'LST_1KM': 3.4612953610554387},{'LST_1KM': 1411937.3507430837},HN06,2019
{'LST_1KM': 324.6261349693253},{'LST_1KM': 310.4380581727363},{'LST_1KM': 298.1620560747663},{'LST_1KM': 3.3109547459197652},{'LST_1KM': 1411569.1549363323},HN06,2020
{'LST_1KM': 326.0407999999998},{'LST_1KM': 309.57670507622606},{'LST_1KM': 296.1227184466019},{'LST_1KM': 3.783170850895658},{'LST_1KM': 1408275.3576284042},HN06,2021
{'LST_1KM': 321.63354430379724},{'LST_1KM': 309.16472503704534},{'LST_1KM': 295.99676767676766},{'LST_1KM': 3.5875919486588015},{'LST_1KM': 1406088.4439326026},HN06,2022
{'LST_1KM': 319.076140350877},{'LST_1KM': 308.29510539243233},{'LST_1KM': 296.08358974358976},{'LST_1KM': 3.5029978659218535},{'LST_1KM': 1401516.8031164792},HN06,2023
{'LST_1KM': 318.39312977099235},{'LST_1KM': 307.47106033803436},{'LST_1KM': 295.48703125},{'LST_1KM': 3.3061793743480394},{'LST_1KM': 1397770.6749098906},HN06,2024
{'LST_1KM': 341.20678571428556},{'LST_1KM': 307.40795499892783},{'LST_1KM': 293.71722222222223},{'LST_1KM': 4.21156914667476},{'LST_1KM': 1396803.8824883066},HN06,2025
{'LST_1KM': 309.600347826087},{'LST_1KM': 301.80286180100984},{'LST_1KM': 291.2674999999999},{'LST_1KM': 3.5076261685671746},{'LST_1KM': 513653.0847570701},HN14,2000
{'LST_1KM': 312.65627586206915},{'LST_1KM': 301.97289648596336},{'LST_1KM': 291.56622950819667},{'LST_1KM': 3.6883566563821906},{'LST_1KM': 513942.47512242617},HN14,2001
{'LST_1KM': 310.1986885245902},{'LST_1KM': 301.8519214281365},{'LST_1KM': 292.40828571428574},{'LST_1KM': 3.6399485232009483},{'LST_1KM': 513736.5817413607},HN14,2002
{'LST_1KM': 310.67911949685544},{'LST_1KM': 302.0079021191959},{'LST_1KM': 292.11984615384614},{'LST_1KM': 3.557833297976074},{'LST_1KM': 514002.05292558693},HN14,2003
{'LST_1KM': 307.93194805194815},{'LST_1KM': 300.7199320420312},{'LST_1KM': 291.88355555555563},{'LST_1KM': 3.3524520595477205},{'LST_1KM': 511809.9935154723},HN14,2004
{'LST_1KM': 309.3420895522387},{'LST_1KM': 301.2687829819412},{'LST_1KM': 291.77586206896547},{'LST_1KM': 3.3483569846837438},{'LST_1KM': 512744.1098345629},HN14,2005
{'LST_1KM': 309.33984732824433},{'LST_1KM': 301.12191060047576},{'LST_1KM': 291.73045871559634},{'LST_1KM': 3.6786273362708912},{'LST_1KM': 512494.1405289204},HN14,2006
{'LST_1KM': 309.882695035461},{'LST_1KM': 301.35970645726337},{'LST_1KM': 291.5061290322581},{'LST_1KM': 3.5236382755441586},{'LST_1KM': 512898.8569542469},HN14,2007
{'LST_1KM': 309.49924242424237},{'LST_1KM': 300.98659293794634},{'LST_1KM': 291.2170297029703},{'LST_1KM': 3.7374086993311586},{'LST_1KM': 512263.83676584286},HN14,2008
{'LST_1KM': 308.82906666666656},{'LST_1KM': 300.7318954707299},{'LST_1KM': 291.6106766917292},{'LST_1KM': 3.483722559510613},{'LST_1KM': 511830.3546612172},HN14,2009
{'LST_1KM': 309.7255855855856},{'LST_1KM': 301.56658959164673},{'LST_1KM': 292.13599999999985},{'LST_1KM': 3.3985313880418975},{'LST_1KM': 513250.961501984},HN14,2010
{'LST_1KM': 310.2034965034967},{'LST_1KM': 301.11567706800736},{'LST_1KM': 291.11962616822433},{'LST_1KM': 3.656016815086869},{'LST_1KM': 512483.5313744471},HN14,2011
{'LST_1KM': 308.0798701298701},{'LST_1KM': 300.7145819228432},{'LST_1KM': 291.7157894736842},{'LST_1KM': 3.3955298251027637},{'LST_1KM': 511800.88788536546},HN14,2012
{'LST_1KM': 310.17293233082694},{'LST_1KM': 302.00744072215275},{'LST_1KM': 292.04864406779666},{'LST_1KM': 3.497681206278514},{'LST_1KM': 514001.2676513418},HN14,2013
{'LST_1KM': 310.1976377952756},{'LST_1KM': 301.5206667283014},{'LST_1KM': 291.77165467625906},{'LST_1KM': 3.626960101717071},{'LST_1KM': 513172.8031297359},HN14,2014
{'LST_1KM': 310.62638888888887},{'LST_1KM': 302.02548402915204},{'LST_1KM': 292.58569343065693},{'LST_1KM': 3.5452997862894264},{'LST_1KM': 514031.97643999965},HN14,2015
{'LST_1KM': 310.34496124031006},{'LST_1KM': 301.8379729344175},{'LST_1KM': 291.9500869565217},{'LST_1KM': 3.5756455891030314},{'LST_1KM': 513712.84211615066},HN14,2016
{'LST_1KM': 309.71627586206904},{'LST_1KM': 301.8237439026903},{'LST_1KM': 292.46825396825386},{'LST_1KM': 3.5566796337913824},{'LST_1KM': 513688.62502955255},HN14,2017
{'LST_1KM': 309.9750000000002},{'LST_1KM': 301.5941771298007},{'LST_1KM': 292.37795918367334},{'LST_1KM': 3.4839382145409092},{'LST_1KM': 513297.91408549855},HN14,2018
{'LST_1KM': 309.0661363636363},{'LST_1KM': 301.5646670997595},{'LST_1KM': 292.7058394160584},{'LST_1KM': 3.297274958168173},{'LST_1KM': 513247.68951880134},HN14,2019
{'LST_1KM': 310.46887323943673},{'LST_1KM': 302.30693617529386},{'LST_1KM': 292.9326470588235},{'LST_1KM': 3.5876520502090763},{'LST_1KM': 514510.9936441923},HN14,2020
{'LST_1KM': 309.9919463087247},{'LST_1KM': 301.29109073168877},{'LST_1KM': 292.35124999999977},{'LST_1KM': 3.4123641773791458},{'LST_1KM': 512782.0764873755},HN14,2021
{'LST_1KM': 309.3131428571428},{'LST_1KM': 300.8832757754044},{'LST_1KM': 291.5559649122806},{'LST_1KM': 3.567066437753322},{'LST_1KM': 512087.99622234586},HN14,2022
{'LST_1KM': 308.85300613496946},{'LST_1KM': 301.27162409789736},{'LST_1KM': 292.4729292929293},{'LST_1KM': 3.358523856002179},{'LST_1KM': 512748.9452690792},HN14,2023
{'LST_1KM': 310.69619718309866},{'LST_1KM': 301.10547903061484},{'LST_1KM': 291.8727536231883},{'LST_1KM': 3.4222419052642796},{'LST_1KM': 512466.17483470496},HN14,2024
{'LST_1KM': 306.63714285714286},{'LST_1KM': 298.4041123647693},{'LST_1KM': 290.07025641025643},{'LST_1KM': 3.2634829191714685},{'LST_1KM': 507868.58648616786},HN14,2025
{'LST_1KM': 312.70394366197183},{'LST_1KM': 303.5512988947839},{'LST_1KM': 293.6904545454546},{'LST_1KM': 2.5593511515607927},{'LST_1KM': 1023232.1454650477},HN04,2000
{'LST_1KM': 309.6859649122808},{'LST_1KM': 303.0914272647759},{'LST_1KM': 293.5431034482758},{'LST_1KM': 2.679234405335786},{'LST_1KM': 1021681.9777130899},HN04,2001
{'LST_1KM': 309.7087234042553},{'LST_1KM': 302.9503891864475},{'LST_1KM': 293.3282191780824},{'LST_1KM': 2.8142009976482885},{'LST_1KM': 1021206.5566030316},HN04,2002
{'LST_1KM': 309.51965517241376},{'LST_1KM': 303.5511513632728},{'LST_1KM': 294.6295384615385},{'LST_1KM': 2.438554423676342},{'LST_1KM': 1023231.6481554161},HN04,2003
{'LST_1KM': 309.1981481481483},{'LST_1KM': 302.33779831920657},{'LST_1KM': 293.2730909090909},{'LST_1KM': 2.6343375809396417},{'LST_1KM': 1019141.5920660275},HN04,2004
{'LST_1KM': 311.33359223300965},{'LST_1KM': 303.18830388717737},{'LST_1KM': 293.648695652174},{'LST_1KM': 2.5804318852962322},{'LST_1KM': 1022008.5362702307},HN04,2005
{'LST_1KM': 309.756},{'LST_1KM': 302.4506892337474},{'LST_1KM': 293.14881355932204},{'LST_1KM': 2.649182800673751},{'LST_1KM': 1019522.1327295323},HN04,2006
{'LST_1KM': 308.8328971962617},{'LST_1KM': 302.8911005004906},{'LST_1KM': 293.910625},{'LST_1KM': 2.465231180530372},{'LST_1KM': 1021006.7021153242},HN04,2007
{'LST_1KM': 309.70991304347814},{'LST_1KM': 302.9354057133177},{'LST_1KM': 293.06800000000004},{'LST_1KM': 2.6368932022331126},{'LST_1KM': 1021156.0492541486},HN04,2008
{'LST_1KM': 308.9744144144145},{'LST_1KM': 302.8309965192745},{'LST_1KM': 293.39393939393926},{'LST_1KM': 2.488906747825714},{'LST_1KM': 1020804.099372807},HN04,2009
{'LST_1KM': 309.8282758620689},{'LST_1KM': 303.33546857105176},{'LST_1KM': 294.3789830508474},{'LST_1KM': 2.542561789610714},{'LST_1KM': 1022504.6093747298},HN04,2010
{'LST_1KM': 309.5453465346534},{'LST_1KM': 303.31067109289626},{'LST_1KM': 292.43709677419355},{'LST_1KM': 2.5869670998859418},{'LST_1KM': 1022421.0202849528},HN04,2011
{'LST_1KM': 312.10760000000005},{'LST_1KM': 302.525324549917},{'LST_1KM': 292.9518367346938},{'LST_1KM': 2.4870371885292784},{'LST_1KM': 1019773.7187216518},HN04,2012
{'LST_1KM': 309.47092592592594},{'LST_1KM': 303.44598521590535},{'LST_1KM': 293.87914285714277},{'LST_1KM': 2.4133201076850916},{'LST_1KM': 1022877.1466823771},HN04,2013
{'LST_1KM': 309.60065573770487},{'LST_1KM': 303.0275679214769},{'LST_1KM': 293.66685714285717},{'LST_1KM': 2.4784000121311993},{'LST_1KM': 1021466.7161309791},HN04,2014
{'LST_1KM': 309.910752688172},{'LST_1KM': 303.66767406487185},{'LST_1KM': 293.89047619047625},{'LST_1KM': 2.575119942791854},{'LST_1KM': 1023624.431103098},HN04,2015
{'LST_1KM': 312.55801801801795},{'LST_1KM': 304.24186679364044},{'LST_1KM': 293.82468085106393},{'LST_1KM': 2.743410555020302},{'LST_1KM': 1025559.9604844827},HN04,2016
{'LST_1KM': 309.77303030303057},{'LST_1KM': 303.21348437968027},{'LST_1KM': 293.3771428571429},{'LST_1KM': 2.462421908780246},{'LST_1KM': 1022093.4164518059},HN04,2017
{'LST_1KM': 309.09154471544724},{'LST_1KM': 303.25357432266253},{'LST_1KM': 293.5657692307694},{'LST_1KM': 2.487644380932701},{'LST_1KM': 1022228.5544614888},HN04,2018
{'LST_1KM': 310.3264516129034},{'LST_1KM': 304.11143210750816},{'LST_1KM': 294.32630434782607},{'LST_1KM': 2.5629059109463554},{'LST_1KM': 1025120.2820373137},HN04,2019
{'LST_1KM': 310.16409090909076},{'LST_1KM': 304.3640730926742},{'LST_1KM': 294.29333333333335},{'LST_1KM': 2.500229556562851},{'LST_1KM': 1025971.9021035925},HN04,2020
{'LST_1KM': 309.542641509434},{'LST_1KM': 303.66556648539705},{'LST_1KM': 293.8498734177216},{'LST_1KM': 2.5309911539919656},{'LST_1KM': 1023617.3267254342},HN04,2021
{'LST_1KM': 310.30480000000006},{'LST_1KM': 303.09907721106555},{'LST_1KM': 292.8034285714286},{'LST_1KM': 2.588833492815021},{'LST_1KM': 1021707.7646920392},HN04,2022
{'LST_1KM': 310.0007547169811},{'LST_1KM': 303.8328763397002},{'LST_1KM': 293.6227906976745},{'LST_1KM': 2.493597009056292},{'LST_1KM': 1024181.3065924264},HN04,2023
{'LST_1KM': 309.17980952380947},{'LST_1KM': 303.5804279491921},{'LST_1KM': 293.93942028985504},{'LST_1KM': 2.343247953825914},{'LST_1KM': 1023330.3357378154},HN04,2024
{'LST_1KM': 306.31515151515157},{'LST_1KM': 300.33584896128457},{'LST_1KM': 292.7017142857143},{'LST_1KM': 2.0509686054896594},{'LST_1KM': 1012393.2798562717},HN04,2025
{'LST_1KM': 317.82545454545453},{'LST_1KM': 303.98301200169425},{'LST_1KM': 292.89294117647063},{'LST_1KM': 3.695293174040532},{'LST_1KM': 2328649.3464914276},HN07,2000
{'LST_1KM': 320.536530612245},{'LST_1KM': 303.7874854083528},{'LST_1KM': 292.92222222222216},{'LST_1KM': 4.040762143759142},{'LST_1KM': 2327151.52307423},HN07,2001
{'LST_1KM': 317.3224203821656},{'LST_1KM': 303.5334620727012},{'LST_1KM': 293.3702857142858},{'LST_1KM': 3.8934157691206996},{'LST_1KM': 2325205.5877712555},HN07,2002
{'LST_1KM': 318.50956521739124},{'LST_1KM': 304.36813010205765},{'LST_1KM': 294.14260869565214},{'LST_1KM': 3.480475374810165},{'LST_1KM': 2331599.527841457},HN07,2003
{'LST_1KM': 319.9199999999999},{'LST_1KM': 302.43633642276313},{'LST_1KM': 292.4640909090909},{'LST_1KM': 4.152890361810809},{'LST_1KM': 2316801.101905667},HN07,2004
{'LST_1KM': 314.86970297029706},{'LST_1KM': 303.8772350608951},{'LST_1KM': 293.8090566037735},{'LST_1KM': 3.427933920351505},{'LST_1KM': 2327839.0465919566},HN07,2005
{'LST_1KM': 314.79036144578305},{'LST_1KM': 303.3597928111329},{'LST_1KM': 292.25170731707306},{'LST_1KM': 3.6470933279855124},{'LST_1KM': 2323875.201544099},HN07,2006
{'LST_1KM': 312.9438775510204},{'LST_1KM': 302.4892014600128},{'LST_1KM': 292.29952380952386},{'LST_1KM': 3.379298752527207},{'LST_1KM': 2317206.0723467227},HN07,2007
{'LST_1KM': 311.27397260273966},{'LST_1KM': 302.58702391457166},{'LST_1KM': 293.43705882352936},{'LST_1KM': 3.2927058959310354},{'LST_1KM': 2317955.4372318876},HN07,2008
{'LST_1KM': 317.7005095541401},{'LST_1KM': 303.1105720411333},{'LST_1KM': 293.8764444444444},{'LST_1KM': 3.3774223328161406},{'LST_1KM': 2321966.056097549},HN07,2009
{'LST_1KM': 310.86850000000004},{'LST_1KM': 302.75403367070606},{'LST_1KM': 293.18740740740753},{'LST_1KM': 3.1349171311881263},{'LST_1KM': 2319234.8085918827},HN07,2010
{'LST_1KM': 316.4895},{'LST_1KM': 303.2934441912328},{'LST_1KM': 293.3263157894737},{'LST_1KM': 3.0797417852329336},{'LST_1KM': 2323366.9406733564},HN07,2011
{'LST_1KM': 316.53256410256427},{'LST_1KM': 301.8208438325078},{'LST_1KM': 291.95069767441856},{'LST_1KM': 3.1566491188777617},{'LST_1KM': 2312086.146261829},HN07,2012
{'LST_1KM': 313.56855072463765},{'LST_1KM': 303.2084738623436},{'LST_1KM': 293.3051282051283},{'LST_1KM': 3.2223491667069486},{'LST_1KM': 2322716.028967679},HN07,2013
{'LST_1KM': 317.4150561797752},{'LST_1KM': 303.183295782638},{'LST_1KM': 292.0825},{'LST_1KM': 3.8106312437612875},{'LST_1KM': 2322523.1533248387},HN07,2014
{'LST_1KM': 315.0590476190476},{'LST_1KM': 303.93234815757734},{'LST_1KM': 294.06258064516123},{'LST_1KM': 3.7907792668285496},{'LST_1KM': 2328261.238199728},HN07,2015
{'LST_1KM': 313.5027972027971},{'LST_1KM': 303.75637709968805},{'LST_1KM': 293.46645161290326},{'LST_1KM': 3.197794885061561},{'LST_1KM': 2326913.2191566345},HN07,2016
{'LST_1KM': 314.0125842696631},{'LST_1KM': 302.47708426624655},{'LST_1KM': 293.10170212765956},{'LST_1KM': 3.2913754068491197},{'LST_1KM': 2317113.2490828196},HN07,2017
{'LST_1KM': 313.02359999999993},{'LST_1KM': 302.95470606717436},{'LST_1KM': 294.0086363636364},{'LST_1KM': 3.3400219119340364},{'LST_1KM': 2320772.051222047},HN07,2018
{'LST_1KM': 320.1873786407767},{'LST_1KM': 304.600330508539},{'LST_1KM': 293.4432558139535},{'LST_1KM': 3.6942343862546463},{'LST_1KM': 2333378.2894941145},HN07,2019
{'LST_1KM': 316.2987628865979},{'LST_1KM': 304.8979292601679},{'LST_1KM': 294.1242105263159},{'LST_1KM': 3.186515530640995},{'LST_1KM': 2335658.0324769015},HN07,2020
{'LST_1KM': 315.9910000000001},{'LST_1KM': 303.43817076454957},{'LST_1KM': 293.0766666666667},{'LST_1KM': 3.5596297231872285},{'LST_1KM': 2324475.61262892},HN07,2021
{'LST_1KM': 313.80043478260865},{'LST_1KM': 302.75639010022775},{'LST_1KM': 292.10774193548394},{'LST_1KM': 3.239894037549957},{'LST_1KM': 2319252.859923204},HN07,2022
{'LST_1KM': 311.66568627450994},{'LST_1KM': 302.5807706967713},{'LST_1KM': 292.6145833333333},{'LST_1KM': 2.8614766823757014},{'LST_1KM': 2317907.5347144133},HN07,2023
{'LST_1KM': 313.7266666666667},{'LST_1KM': 302.6340333144033},{'LST_1KM': 293.2995918367347},{'LST_1KM': 2.644448340050683},{'LST_1KM': 2318315.5508036166},HN07,2024
{'LST_1KM': 310.25},{'LST_1KM': 299.9298937041945},{'LST_1KM': 291.5523076923077},{'LST_1KM': 3.0558491374227463},{'LST_1KM': 2297600.6006665374},HN07,2025
{'LST_1KM': 311.3376237623764},{'LST_1KM': 302.31872277951743},{'LST_1KM': 292.6334693877552},{'LST_1KM': 4.032140476081327},{'LST_1KM': 981650.2330102308},HN10,2000
{'LST_1KM': 313.0095789473683},{'LST_1KM': 302.4946837169896},{'LST_1KM': 292.3668181818182},{'LST_1KM': 4.548715889789012},{'LST_1KM': 982221.5905949749},HN10,2001
{'LST_1KM': 312.31917098445575},{'LST_1KM': 302.5155448644782},{'LST_1KM': 292.8744927536233},{'LST_1KM': 4.341654714261476},{'LST_1KM': 982289.3282134221},HN10,2002
{'LST_1KM': 311.01127516778536},{'LST_1KM': 302.5325537150304},{'LST_1KM': 293.8823809523809},{'LST_1KM': 3.641161242114699},{'LST_1KM': 982344.5571517899},HN10,2003
{'LST_1KM': 311.34271428571424},{'LST_1KM': 301.3524445783793},{'LST_1KM': 291.64582278481004},{'LST_1KM': 4.237404687741864},{'LST_1KM': 978512.6594832622},HN10,2004
{'LST_1KM': 311.59779069767444},{'LST_1KM': 301.6360795091081},{'LST_1KM': 293.0197402597403},{'LST_1KM': 3.841985012771761},{'LST_1KM': 979433.6421246278},HN10,2005
{'LST_1KM': 312.36626666666666},{'LST_1KM': 301.31343442050826},{'LST_1KM': 292.1028571428573},{'LST_1KM': 4.2468033686168685},{'LST_1KM': 978385.9907469968},HN10,2006
{'LST_1KM': 311.4382894736842},{'LST_1KM': 301.7562323773276},{'LST_1KM': 292.3718181818183},{'LST_1KM': 4.154008783317919},{'LST_1KM': 979823.7869691156},HN10,2007
{'LST_1KM': 312.05400000000003},{'LST_1KM': 301.32534004691087},{'LST_1KM': 292.34600000000006},{'LST_1KM': 4.163549647936642},{'LST_1KM': 978424.6491563233},HN10,2008
{'LST_1KM': 310.64439024390236},{'LST_1KM': 301.5866196252181},{'LST_1KM': 292.29062500000003},{'LST_1KM': 3.998679918853052},{'LST_1KM': 979273.0423903512},HN10,2009
{'LST_1KM': 311.46088888888875},{'LST_1KM': 301.64555438374583},{'LST_1KM': 293.62447761194034},{'LST_1KM': 3.947495680964284},{'LST_1KM': 979464.4077113913},HN10,2010
{'LST_1KM': 311.4016129032257},{'LST_1KM': 301.29451203512065},{'LST_1KM': 292.1576119402985},{'LST_1KM': 4.080440297331933},{'LST_1KM': 978324.5484259455},HN10,2011
{'LST_1KM': 310.91602094240824},{'LST_1KM': 301.057303297271},{'LST_1KM': 292.02958904109585},{'LST_1KM': 4.129149784302357},{'LST_1KM': 977554.3149100015},HN10,2012
{'LST_1KM': 313.9514062499998},{'LST_1KM': 301.9500592283184},{'LST_1KM': 293.1845454545454},{'LST_1KM': 4.054031660917853},{'LST_1KM': 980453.1564361783},HN10,2013
{'LST_1KM': 312.876083916084},{'LST_1KM': 301.7780031450357},{'LST_1KM': 291.99194444444436},{'LST_1KM': 4.12905585511754},{'LST_1KM': 979894.4781886239},HN10,2014
{'LST_1KM': 313.02821917808205},{'LST_1KM': 302.9333604229508},{'LST_1KM': 293.5009523809524},{'LST_1KM': 4.156864457166811},{'LST_1KM': 983646.0048246456},HN10,2015
{'LST_1KM': 312.0825396825397},{'LST_1KM': 302.2170313976768},{'LST_1KM': 293.36027777777775},{'LST_1KM': 3.938393799596082},{'LST_1KM': 981320.0339151791},HN10,2016
{'LST_1KM': 312.7614925373135},{'LST_1KM': 302.14145268759773},{'LST_1KM': 292.53526315789486},{'LST_1KM': 4.139998273300551},{'LST_1KM': 981074.6245085847},HN10,2017
{'LST_1KM': 311.8929166666667},{'LST_1KM': 302.0826913969263},{'LST_1KM': 292.2452173913044},{'LST_1KM': 4.041594232422717},{'LST_1KM': 980883.8224499187},HN10,2018
{'LST_1KM': 313.12515337423315},{'LST_1KM': 302.62167634350476},{'LST_1KM': 293.22369565217383},{'LST_1KM': 3.9722674097372823},{'LST_1KM': 982633.9446174551},HN10,2019
{'LST_1KM': 313.1522448979593},{'LST_1KM': 303.26616223007284},{'LST_1KM': 294.58454545454555},{'LST_1KM': 3.817881672472849},{'LST_1KM': 984726.6357842631},HN10,2020
{'LST_1KM': 312.74212560386474},{'LST_1KM': 302.1645261363087},{'LST_1KM': 293.40025974025986},{'LST_1KM': 3.9725559369313515},{'LST_1KM': 981149.5456252632},HN10,2021
{'LST_1KM': 312.1738064516128},{'LST_1KM': 301.7473920497219},{'LST_1KM': 292.46827586206905},{'LST_1KM': 4.165733586739476},{'LST_1KM': 979795.0818013567},HN10,2022
{'LST_1KM': 311.5692810457516},{'LST_1KM': 301.9616979095398},{'LST_1KM': 292.8658585858585},{'LST_1KM': 3.805149960459585},{'LST_1KM': 980490.948055658},HN10,2023
{'LST_1KM': 310.3095104895106},{'LST_1KM': 301.48805408886847},{'LST_1KM': 293.08344086021515},{'LST_1KM': 3.5518309531710854},{'LST_1KM': 978952.9931362567},HN10,2024
{'LST_1KM': 312.41454545454553},{'LST_1KM': 299.2792476392463},{'LST_1KM': 290.27448275862065},{'LST_1KM': 4.21838398765409},{'LST_1KM': 971780.8426785842},HN10,2025
{'LST_1KM': 312.94365853658525},{'LST_1KM': 303.6268524571435},{'LST_1KM': 290.95374999999996},{'LST_1KM': 2.7993721314946582},{'LST_1KM': 1586101.430881634},HN16,2000
{'LST_1KM': 314.86431034482763},{'LST_1KM': 303.18652999254294},{'LST_1KM': 290.53892473118276},{'LST_1KM': 3.0083079464995905},{'LST_1KM': 1583801.2519432416},HN16,2001
{'LST_1KM': 311.06771929824555},{'LST_1KM': 303.1512392831795},{'LST_1KM': 290.03534883720926},{'LST_1KM': 3.055255266883712},{'LST_1KM': 1583616.8985365347},HN16,2002
{'LST_1KM': 312.3945945945944},{'LST_1KM': 303.9626282165931},{'LST_1KM': 291.98525252525246},{'LST_1KM': 2.8435901497742853},{'LST_1KM': 1587855.4734118264},HN16,2003
{'LST_1KM': 315.9855462184874},{'LST_1KM': 303.0544876376094},{'LST_1KM': 290.38506024096375},{'LST_1KM': 3.2590557853060793},{'LST_1KM': 1583111.4823579686},HN16,2004
{'LST_1KM': 312.2870085470085},{'LST_1KM': 303.60879049117614},{'LST_1KM': 291.3525},{'LST_1KM': 3.0062719079442393},{'LST_1KM': 1586007.0778630076},HN16,2005
{'LST_1KM': 309.0876},{'LST_1KM': 302.59840479477566},{'LST_1KM': 289.8487323943662},{'LST_1KM': 2.812154733305282},{'LST_1KM': 1580728.9735522917},HN16,2006
{'LST_1KM': 315.63966942148767},{'LST_1KM': 303.34509739450925},{'LST_1KM': 290.07372549019595},{'LST_1KM': 2.943334375561368},{'LST_1KM': 1584629.5844214614},HN16,2007
{'LST_1KM': 310.47607142857134},{'LST_1KM': 303.23763522764654},{'LST_1KM': 290.59365853658534},{'LST_1KM': 2.9319298318560216},{'LST_1KM': 1584068.2180757406},HN16,2008
{'LST_1KM': 309.50630630630627},{'LST_1KM': 303.12257806452345},{'LST_1KM': 290.9033846153847},{'LST_1KM': 2.781661874363051},{'LST_1KM': 1583467.176601359},HN16,2009
{'LST_1KM': 313.89555555555546},{'LST_1KM': 303.1277359138734},{'LST_1KM': 291.7860240963856},{'LST_1KM': 2.686847444469},{'LST_1KM': 1583494.1204377424},HN16,2010
{'LST_1KM': 310.0287931034483},{'LST_1KM': 303.31558122603593},{'LST_1KM': 290.6356363636363},{'LST_1KM': 2.7663968981919056},{'LST_1KM': 1584475.3963558448},HN16,2011
{'LST_1KM': 310.71103999999997},{'LST_1KM': 302.6373165691698},{'LST_1KM': 289.31052631578945},{'LST_1KM': 2.83606807092453},{'LST_1KM': 1580932.242863109},HN16,2012
{'LST_1KM': 311.9615},{'LST_1KM': 303.35984094750944},{'LST_1KM': 291.3484745762712},{'LST_1KM': 2.6010886778219984},{'LST_1KM': 1584706.602545256},HN16,2013
{'LST_1KM': 310.9248484848485},{'LST_1KM': 303.3939967449709},{'LST_1KM': 290.59586206896546},{'LST_1KM': 2.9718882598494556},{'LST_1KM': 1584885.0273413109},HN16,2014
{'LST_1KM': 312.3364102564104},{'LST_1KM': 304.2837590414151},{'LST_1KM': 290.5571134020618},{'LST_1KM': 3.0749616696817195},{'LST_1KM': 1589533.0129859073},HN16,2015
{'LST_1KM': 317.7409174311926},{'LST_1KM': 304.628528422926},{'LST_1KM': 291.49428571428575},{'LST_1KM': 3.22810289268573},{'LST_1KM': 1591334.036857522},HN16,2016
{'LST_1KM': 316.57821428571424},{'LST_1KM': 303.55526557550314},{'LST_1KM': 290.9193333333333},{'LST_1KM': 2.9084340184855186},{'LST_1KM': 1585727.4716797937},HN16,2017
{'LST_1KM': 312.6917006802721},{'LST_1KM': 303.5436417883991},{'LST_1KM': 291.56652631578953},{'LST_1KM': 2.934164759169289},{'LST_1KM': 1585666.7507481342},HN16,2018
{'LST_1KM': 316.31296},{'LST_1KM': 305.41368600285483},{'LST_1KM': 292.0525531914893},{'LST_1KM': 3.325408468396736},{'LST_1KM': 1595435.5830511956},HN16,2019
{'LST_1KM': 317.87766666666664},{'LST_1KM': 305.20507348831853},{'LST_1KM': 293.03098901098895},{'LST_1KM': 2.9429544172859177},{'LST_1KM': 1594345.8223626132},HN16,2020
{'LST_1KM': 313.12689655172414},{'LST_1KM': 304.5426722601688},{'LST_1KM': 291.34565656565655},{'LST_1KM': 3.059236538979209},{'LST_1KM': 1590885.5370575301},HN16,2021
{'LST_1KM': 312.2667826086958},{'LST_1KM': 303.6154946097806},{'LST_1KM': 290.1247222222221},{'LST_1KM': 3.151043613275017},{'LST_1KM': 1586042.0991795522},HN16,2022
{'LST_1KM': 312.37384615384616},{'LST_1KM': 304.1388637438104},{'LST_1KM': 290.4527102803738},{'LST_1KM': 2.995656030968954},{'LST_1KM': 1588776.1015434607},HN16,2023
{'LST_1KM': 310.9734939759036},{'LST_1KM': 303.906198030225},{'LST_1KM': 291.8670796460177},{'LST_1KM': 2.614484322716506},{'LST_1KM': 1587560.690527444},HN16,2024
{'LST_1KM': 307.06500000000005},{'LST_1KM': 300.4472994763862},{'LST_1KM': 288.56875},{'LST_1KM': 2.3032443616763523},{'LST_1KM': 1569491.9199258962},HN16,2025
{'LST_1KM': 307.17044444444446},{'LST_1KM': 303.61337144865826},{'LST_1KM': 300.36},{'LST_1KM': 1.2127012685681482},{'LST_1KM': 71758.72268172228},HN11,2000
{'LST_1KM': 307.0526153846154},{'LST_1KM': 302.82685325023067},{'LST_1KM': 295.65333333333336},{'LST_1KM': 1.0930907928340112},{'LST_1KM': 71610.83167781238},HN11,2001
{'LST_1KM': 306.1816},{'LST_1KM': 303.0384341266688},{'LST_1KM': 297.90000000000003},{'LST_1KM': 1.161700105897731},{'LST_1KM': 71823.67404606906},HN11,2002
{'LST_1KM': 307.41612903225797},{'LST_1KM': 304.33365941140715},{'LST_1KM': 299.32},{'LST_1KM': 1.1586650806390566},{'LST_1KM': 72072.17787527633},HN11,2003
{'LST_1KM': 347.396},{'LST_1KM': 303.0962224950104},{'LST_1KM': 299.0357142857143},{'LST_1KM': 3.0410902265318},{'LST_1KM': 71839.74779450365},HN11,2004
{'LST_1KM': 309.08578947368414},{'LST_1KM': 303.1538637245506},{'LST_1KM': 297.88},{'LST_1KM': 1.1287664353866569},{'LST_1KM': 71477.73687284267},HN11,2005
{'LST_1KM': 308.2433766233766},{'LST_1KM': 303.3497674072942},{'LST_1KM': 300.0878787878788},{'LST_1KM': 1.069082532779857},{'LST_1KM': 71677.38641408508},HN11,2006
{'LST_1KM': 313.1107692307693},{'LST_1KM': 302.88557421955267},{'LST_1KM': 282.34888888888895},{'LST_1KM': 1.8621050653071707},{'LST_1KM': 71369.34357865114},HN11,2007
{'LST_1KM': 305.9},{'LST_1KM': 302.96943501785944},{'LST_1KM': 298.536},{'LST_1KM': 1.0569260278161634},{'LST_1KM': 71800.19175293836},HN11,2008
{'LST_1KM': 305.8790909090909},{'LST_1KM': 303.33777828600876},{'LST_1KM': 300.6422727272727},{'LST_1KM': 1.0480211993271022},{'LST_1KM': 71725.70462562033},HN11,2009
{'LST_1KM': 313.1424999999999},{'LST_1KM': 303.39275863999114},{'LST_1KM': 299.03599999999994},{'LST_1KM': 1.142596982471793},{'LST_1KM': 71225.91174895322},HN11,2010
{'LST_1KM': 308.8540740740741},{'LST_1KM': 303.37365764735557},{'LST_1KM': 300.5830769230769},{'LST_1KM': 1.2587989578260375},{'LST_1KM': 71769.87949503676},HN11,2011
{'LST_1KM': 338.53499999999997},{'LST_1KM': 302.50912552438376},{'LST_1KM': 299.00666666666666},{'LST_1KM': 2.847720299844692},{'LST_1KM': 71460.95962093266},HN11,2012
{'LST_1KM': 306.6914285714286},{'LST_1KM': 303.32749757298103},{'LST_1KM': 292.062962962963},{'LST_1KM': 1.5337855298983931},{'LST_1KM': 71787.50775893884},HN11,2013
{'LST_1KM': 307.0585714285714},{'LST_1KM': 303.55124937537806},{'LST_1KM': 300.51},{'LST_1KM': 1.1972112654202176},{'LST_1KM': 71621.42929379999},HN11,2014
{'LST_1KM': 315.94060606060606},{'LST_1KM': 303.45202559604934},{'LST_1KM': 298.8914285714286},{'LST_1KM': 1.437243414983949},{'LST_1KM': 71581.35781824925},HN11,2015
{'LST_1KM': 310.22386363636366},{'LST_1KM': 303.55102223266806},{'LST_1KM': 297.428},{'LST_1KM': 1.2229331801662031},{'LST_1KM': 71903.49959184254},HN11,2016
{'LST_1KM': 307.31269841269835},{'LST_1KM': 303.07875420426177},{'LST_1KM': 300.0933333333333},{'LST_1KM': 1.1979527045535512},{'LST_1KM': 71380.39506370724},HN11,2017
{'LST_1KM': 309.0971153846155},{'LST_1KM': 303.61120849918507},{'LST_1KM': 300.51230769230773},{'LST_1KM': 1.486981121492152},{'LST_1KM': 71739.16135569176},HN11,2018
{'LST_1KM': 308.8575384615384},{'LST_1KM': 304.5378698118632},{'LST_1KM': 297.09000000000003},{'LST_1KM': 1.5003769795741528},{'LST_1KM': 72159.94968538194},HN11,2019
{'LST_1KM': 307.93},{'LST_1KM': 304.44876213895225},{'LST_1KM': 300.5846153846154},{'LST_1KM': 1.170639762174565},{'LST_1KM': 71860.65311522117},HN11,2020
{'LST_1KM': 307.7096907216494},{'LST_1KM': 304.5432208200777},{'LST_1KM': 300.13272727272727},{'LST_1KM': 1.2094081542798365},{'LST_1KM': 72112.25182877298},HN11,2021
{'LST_1KM': 306.3323076923076},{'LST_1KM': 303.5234924641152},{'LST_1KM': 300.31142857142856},{'LST_1KM': 1.1285880083505964},{'LST_1KM': 71935.0677139953},HN11,2022
{'LST_1KM': 308.2622222222222},{'LST_1KM': 304.2785302592319},{'LST_1KM': 300.532},{'LST_1KM': 1.1949495864994668},{'LST_1KM': 71645.06476009726},HN11,2023
{'LST_1KM': 335.38514285714285},{'LST_1KM': 303.9420896279727},{'LST_1KM': 299.74249999999995},{'LST_1KM': 2.412846065399157},{'LST_1KM': 71812.5763058656},HN11,2024
{'LST_1KM': 303.46},{'LST_1KM': 300.6674011908377},{'LST_1KM': 292.88666666666666},{'LST_1KM': 1.2983281505622528},{'LST_1KM': 69626.31650086337},HN11,2025
{'LST_1KM': 320.1611940298508},{'LST_1KM': 305.0027235413983},{'LST_1KM': 293.0159090909092},{'LST_1KM': 3.215980581514123},{'LST_1KM': 1245031.8822979953},HN05,2000
{'LST_1KM': 320.4877669902912},{'LST_1KM': 304.5199231644659},{'LST_1KM': 292.6740000000001},{'LST_1KM': 3.2626774055474974},{'LST_1KM': 1243071.821881338},HN05,2001
{'LST_1KM': 323.27311827956976},{'LST_1KM': 304.6242192499729},{'LST_1KM': 292.81897435897434},{'LST_1KM': 3.265155209624215},{'LST_1KM': 1243433.05720626},HN05,2002
{'LST_1KM': 322.75245283018864},{'LST_1KM': 305.6294630230204},{'LST_1KM': 294.2581333333333},{'LST_1KM': 3.09143810905277},{'LST_1KM': 1247601.0419044178},HN05,2003
{'LST_1KM': 317.3444660194175},{'LST_1KM': 304.1940299550219},{'LST_1KM': 292.52033333333327},{'LST_1KM': 3.08334213564796},{'LST_1KM': 1241741.502796161},HN05,2004
{'LST_1KM': 324.41259259259266},{'LST_1KM': 304.8343313268062},{'LST_1KM': 293.2894545454544},{'LST_1KM': 3.168363902902487},{'LST_1KM': 1244355.2581935283},HN05,2005
{'LST_1KM': 326.94627906976734},{'LST_1KM': 304.2120235458007},{'LST_1KM': 292.1539130434783},{'LST_1KM': 3.127444577840171},{'LST_1KM': 1241750.532534164},HN05,2006
{'LST_1KM': 324.31883495145627},{'LST_1KM': 304.7375567265327},{'LST_1KM': 293.20451612903224},{'LST_1KM': 3.260460355109398},{'LST_1KM': 1243960.2174440636},HN05,2007
{'LST_1KM': 322.13020408163254},{'LST_1KM': 304.8656368971697},{'LST_1KM': 292.58406249999996},{'LST_1KM': 3.1404682345709185},{'LST_1KM': 1244483.049741557},HN05,2008
{'LST_1KM': 319.77159090909095},{'LST_1KM': 304.8836773115732},{'LST_1KM': 293.5531034482759},{'LST_1KM': 3.0738187819323697},{'LST_1KM': 1244556.6919865932},HN05,2009
{'LST_1KM': 329.1693975903615},{'LST_1KM': 304.85234885628967},{'LST_1KM': 293.4309090909091},{'LST_1KM': 3.2122665962769137},{'LST_1KM': 1244397.7240361162},HN05,2010
{'LST_1KM': 320.92876404494376},{'LST_1KM': 304.7857307607051},{'LST_1KM': 293.03155555555554},{'LST_1KM': 3.0960153505380377},{'LST_1KM': 1244092.324391444},HN05,2011
{'LST_1KM': 322.1412765957447},{'LST_1KM': 304.3625681927764},{'LST_1KM': 292.6944680851063},{'LST_1KM': 3.2943428360566145},{'LST_1KM': 1242429.4877794916},HN05,2012
{'LST_1KM': 322.57605263157905},{'LST_1KM': 304.8990729544071},{'LST_1KM': 293.6940350877193},{'LST_1KM': 2.969134804234937},{'LST_1KM': 1244619.5380873922},HN05,2013
{'LST_1KM': 315.94404761904764},{'LST_1KM': 304.86692744067307},{'LST_1KM': 292.8577272727273},{'LST_1KM': 3.2009824552633903},{'LST_1KM': 1244488.317831235},HN05,2014
{'LST_1KM': 326.45564102564117},{'LST_1KM': 305.69165189634515},{'LST_1KM': 292.8811999999999},{'LST_1KM': 3.5300676573155116},{'LST_1KM': 1247854.9012751323},HN05,2015
{'LST_1KM': 322.06090909090915},{'LST_1KM': 305.6114029031945},{'LST_1KM': 292.75919999999996},{'LST_1KM': 3.3359311368486146},{'LST_1KM': 1247527.3192204568},HN05,2016
{'LST_1KM': 321.90674698795186},{'LST_1KM': 305.2601841417905},{'LST_1KM': 293.188813559322},{'LST_1KM': 3.096070671076244},{'LST_1KM': 1246093.619444493},HN05,2017
{'LST_1KM': 323.0740000000002},{'LST_1KM': 305.12361486194675},{'LST_1KM': 292.79894736842107},{'LST_1KM': 3.190677874438343},{'LST_1KM': 1245471.5195914274},HN05,2018
{'LST_1KM': 319.14486956521745},{'LST_1KM': 306.686419810549},{'LST_1KM': 294.360634920635},{'LST_1KM': 3.3931006035635503},{'LST_1KM': 1251915.6141198243},HN05,2019
{'LST_1KM': 322.20369230769234},{'LST_1KM': 306.88293500829394},{'LST_1KM': 294.64375},{'LST_1KM': 3.494558171814133},{'LST_1KM': 1252717.80302868},HN05,2020
{'LST_1KM': 321.7085714285714},{'LST_1KM': 306.3597665430788},{'LST_1KM': 293.8797333333333},{'LST_1KM': 3.1234262492099676},{'LST_1KM': 1250571.3797264905},HN05,2021
{'LST_1KM': 317.8257657657658},{'LST_1KM': 305.0714181016111},{'LST_1KM': 292.64070175438593},{'LST_1KM': 3.078038338938477},{'LST_1KM': 1245312.2959172977},HN05,2022
{'LST_1KM': 317.7584415584415},{'LST_1KM': 305.6465567750544},{'LST_1KM': 293.3376744186046},{'LST_1KM': 3.11595511648937},{'LST_1KM': 1247670.8198068386},HN05,2023
{'LST_1KM': 314.0835294117648},{'LST_1KM': 305.15601535970586},{'LST_1KM': 293.6277777777778},{'LST_1KM': 2.739214568806674},{'LST_1KM': 1245668.395122933},HN05,2024
{'LST_1KM': 317.73839999999996},{'LST_1KM': 302.22170945264253},{'LST_1KM': 291.1283870967742},{'LST_1KM': 2.4241218565686546},{'LST_1KM': 1233658.3513371178},HN05,2025
{'LST_1KM': 315.8921428571428},{'LST_1KM': 303.38763238342966},{'LST_1KM': 294.8216666666667},{'LST_1KM': 3.246343306844485},{'LST_1KM': 2610522.0830739345},HN02,2000
{'LST_1KM': 311.656923076923},{'LST_1KM': 302.4831485452289},{'LST_1KM': 295.1451948051948},{'LST_1KM': 2.8308719575944106},{'LST_1KM': 2602739.382721725},HN02,2001
{'LST_1KM': 316.4077037037036},{'LST_1KM': 302.87736905271913},{'LST_1KM': 294.9236842105264},{'LST_1KM': 3.1076490157357863},{'LST_1KM': 2606262.1362074274},HN02,2002
{'LST_1KM': 319.8405769230769},{'LST_1KM': 303.7158996373066},{'LST_1KM': 296.61341463414635},{'LST_1KM': 2.8540822975327202},{'LST_1KM': 2613471.7432507942},HN02,2003
{'LST_1KM': 310.90578124999996},{'LST_1KM': 302.43397782064426},{'LST_1KM': 294.91414634146344},{'LST_1KM': 2.68723218524827},{'LST_1KM': 2602316.289461922},HN02,2004
{'LST_1KM': 314.1132799999999},{'LST_1KM': 302.9235963756898},{'LST_1KM': 295.0538983050847},{'LST_1KM': 2.5453010506098264},{'LST_1KM': 2606659.922684157},HN02,2005
{'LST_1KM': 313.11387096774195},{'LST_1KM': 302.63682239448957},{'LST_1KM': 294.8190909090909},{'LST_1KM': 2.818015043651683},{'LST_1KM': 2604192.2303267214},HN02,2006
{'LST_1KM': 313.55372549019626},{'LST_1KM': 302.27595731939243},{'LST_1KM': 294.2543902439024},{'LST_1KM': 2.572408675521911},{'LST_1KM': 2601086.983525196},HN02,2007
{'LST_1KM': 311.9931531531532},{'LST_1KM': 302.98556561853604},{'LST_1KM': 295.33836734693875},{'LST_1KM': 2.8484876003512754},{'LST_1KM': 2607193.168504882},HN02,2008
{'LST_1KM': 314.875748031496},{'LST_1KM': 303.2669830522487},{'LST_1KM': 295.4126315789473},{'LST_1KM': 2.9667560165499327},{'LST_1KM': 2609483.9466776624},HN02,2009
{'LST_1KM': 314.2386538461539},{'LST_1KM': 303.38228934873086},{'LST_1KM': 295.6993548387097},{'LST_1KM': 2.6718802340407968},{'LST_1KM': 2610532.026043281},HN02,2010
{'LST_1KM': 319.4387301587301},{'LST_1KM': 303.7675314808936},{'LST_1KM': 294.86241379310354},{'LST_1KM': 2.9517845570817274},{'LST_1KM': 2613790.9539091703},HN02,2011
{'LST_1KM': 315.76707070707096},{'LST_1KM': 303.0152163651588},{'LST_1KM': 294.74263157894734},{'LST_1KM': 2.8203993336085125},{'LST_1KM': 2607448.3134121257},HN02,2012
{'LST_1KM': 316.903120567376},{'LST_1KM': 303.62715347583287},{'LST_1KM': 295.18465116279066},{'LST_1KM': 2.7850913920221343},{'LST_1KM': 2612708.083575385},HN02,2013
{'LST_1KM': 314.7345333333333},{'LST_1KM': 303.80121997792935},{'LST_1KM': 294.7495454545455},{'LST_1KM': 3.138155443112416},{'LST_1KM': 2614211.880664751},HN02,2014
{'LST_1KM': 311.74237762237743},{'LST_1KM': 303.55136340247856},{'LST_1KM': 292.90000000000003},{'LST_1KM': 2.806914277550079},{'LST_1KM': 2612055.9108858192},HN02,2015
{'LST_1KM': 333.15999999999997},{'LST_1KM': 304.05125357266365},{'LST_1KM': 295.5728888888889},{'LST_1KM': 2.7214236488563253},{'LST_1KM': 2616363.4217084874},HN02,2016
{'LST_1KM': 318.73544554455447},{'LST_1KM': 303.4444946991299},{'LST_1KM': 294.52133333333325},{'LST_1KM': 2.6736482611259604},{'LST_1KM': 2611142.2568428363},HN02,2017
{'LST_1KM': 317.93920792079217},{'LST_1KM': 303.68098159791003},{'LST_1KM': 295.5225000000001},{'LST_1KM': 2.780801431892039},{'LST_1KM': 2613046.2288225177},HN02,2018
{'LST_1KM': 315.24},{'LST_1KM': 304.911702761818},{'LST_1KM': 295.4467924528302},{'LST_1KM': 3.1807724658486216},{'LST_1KM': 2623767.5937297815},HN02,2019
{'LST_1KM': 314.776692913386},{'LST_1KM': 305.0037516040054},{'LST_1KM': 296.95034482758626},{'LST_1KM': 2.6023588199053433},{'LST_1KM': 2624424.516213535},HN02,2020
{'LST_1KM': 315.36724637681147},{'LST_1KM': 304.63105601478696},{'LST_1KM': 295.7817857142857},{'LST_1KM': 2.9928238028103467},{'LST_1KM': 2621352.6262704283},HN02,2021
{'LST_1KM': 313.300909090909},{'LST_1KM': 303.147205310006},{'LST_1KM': 294.33480000000003},{'LST_1KM': 2.4644809775762857},{'LST_1KM': 2608584.0793177434},HN02,2022
{'LST_1KM': 311.74307692307707},{'LST_1KM': 304.7974529317758},{'LST_1KM': 283.52},{'LST_1KM': 2.630433105751322},{'LST_1KM': 2622759.372079479},HN02,2023
{'LST_1KM': 314.2384444444445},{'LST_1KM': 303.7602341294143},{'LST_1KM': 295.6288235294119},{'LST_1KM': 2.3627261639370163},{'LST_1KM': 2613728.163290334},HN02,2024
{'LST_1KM': 305.6213333333333},{'LST_1KM': 300.4340963438985},{'LST_1KM': 293.20727272727277},{'LST_1KM': 1.929558816478391},{'LST_1KM': 2585102.2654985157},HN02,2025
{'LST_1KM': 313.27010752688176},{'LST_1KM': 303.02958175330247},{'LST_1KM': 293.0376744186047},{'LST_1KM': 3.1851790988684354},{'LST_1KM': 1381477.4010255765},HN01,2000
{'LST_1KM': 315.1},{'LST_1KM': 302.67253454473746},{'LST_1KM': 292.5791891891892},{'LST_1KM': 3.2055619869986223},{'LST_1KM': 1379897.1414517323},HN01,2001
{'LST_1KM': 317.6751724137932},{'LST_1KM': 303.0783231302327},{'LST_1KM': 292.3841558441559},{'LST_1KM': 3.3345243200451895},{'LST_1KM': 1381902.8481777285},HN01,2002
{'LST_1KM': 313.60829268292684},{'LST_1KM': 303.6208843686334},{'LST_1KM': 293.6737209302326},{'LST_1KM': 2.974938960649433},{'LST_1KM': 1384232.61590943},HN01,2003
{'LST_1KM': 313.82},{'LST_1KM': 302.4196787341872},{'LST_1KM': 291.73130434782615},{'LST_1KM': 3.179392321603874},{'LST_1KM': 1378884.3041278129},HN01,2004
{'LST_1KM': 314.3524324324326},{'LST_1KM': 302.7293683928318},{'LST_1KM': 292.736923076923},{'LST_1KM': 2.977318614538404},{'LST_1KM': 1379892.6967902496},HN01,2005
{'LST_1KM': 326.3776000000001},{'LST_1KM': 302.4049026494053},{'LST_1KM': 291.651052631579},{'LST_1KM': 3.316636100743787},{'LST_1KM': 1378739.8488796954},HN01,2006
{'LST_1KM': 315.46061538461527},{'LST_1KM': 302.6291599881302},{'LST_1KM': 291.8084615384615},{'LST_1KM': 3.2938450802392625},{'LST_1KM': 1379680.4064807876},HN01,2007
{'LST_1KM': 311.1660952380952},{'LST_1KM': 302.698781562957},{'LST_1KM': 292.4166666666668},{'LST_1KM': 3.184874965277543},{'LST_1KM': 1379807.8812280386},HN01,2008
{'LST_1KM': 312.0950684931507},{'LST_1KM': 303.2463161824787},{'LST_1KM': 292.15205479452055},{'LST_1KM': 3.2160075666234125},{'LST_1KM': 1382511.8474883195},HN01,2009
{'LST_1KM': 316.1438709677421},{'LST_1KM': 302.81861822727024},{'LST_1KM': 292.11971830985914},{'LST_1KM': 3.131170299435952},{'LST_1KM': 1380708.0211892},HN01,2010
{'LST_1KM': 311.20019230769236},{'LST_1KM': 303.1356233683379},{'LST_1KM': 292.52430769230784},{'LST_1KM': 3.2097945602344935},{'LST_1KM': 1382122.5050213519},HN01,2011
{'LST_1KM': 312.35138211382133},{'LST_1KM': 302.5838907623554},{'LST_1KM': 291.513076923077},{'LST_1KM': 3.3254449680506597},{'LST_1KM': 1379381.4698956436},HN01,2012
{'LST_1KM': 317.86899082568806},{'LST_1KM': 303.1109340298563},{'LST_1KM': 292.5547058823528},{'LST_1KM': 3.0531245440655748},{'LST_1KM': 1382052.7280992372},HN01,2013
{'LST_1KM': 313.36396551724124},{'LST_1KM': 303.3075036322666},{'LST_1KM': 292.65333333333336},{'LST_1KM': 3.286930675256918},{'LST_1KM': 1382791.992912601},HN01,2014
{'LST_1KM': 314.27440677966104},{'LST_1KM': 303.6334736196588},{'LST_1KM': 293.26467532467524},{'LST_1KM': 3.101173675529457},{'LST_1KM': 1384290.0113416163},HN01,2015
{'LST_1KM': 320.4071287128713},{'LST_1KM': 303.40113771962626},{'LST_1KM': 292.1981538461539},{'LST_1KM': 3.099673305486387},{'LST_1KM': 1383229.5830314402},HN01,2016
{'LST_1KM': 312.3386915887851},{'LST_1KM': 303.0513446396283},{'LST_1KM': 292.4909677419356},{'LST_1KM': 3.0733269188782986},{'LST_1KM': 1381779.8382157467},HN01,2017
{'LST_1KM': 312.48972477064217},{'LST_1KM': 303.34211171178845},{'LST_1KM': 292.70323529411775},{'LST_1KM': 3.1616529005351497},{'LST_1KM': 1382830.8149491714},HN01,2018
{'LST_1KM': 313.42290076335877},{'LST_1KM': 304.20984611645605},{'LST_1KM': 293.5971739130436},{'LST_1KM': 3.251001869984978},{'LST_1KM': 1386829.4605161222},HN01,2019
{'LST_1KM': 316.9453097345133},{'LST_1KM': 304.4607389710524},{'LST_1KM': 294.706436781609},{'LST_1KM': 3.0138314520203084},{'LST_1KM': 1388049.6425695324},HN01,2020
{'LST_1KM': 313.54929032258065},{'LST_1KM': 304.4030077046102},{'LST_1KM': 292.83469879518066},{'LST_1KM': 3.2313320192703245},{'LST_1KM': 1387855.6799979906},HN01,2021
{'LST_1KM': 317.2828282828283},{'LST_1KM': 303.0734460314275},{'LST_1KM': 291.528510638298},{'LST_1KM': 3.1984369294982535},{'LST_1KM': 1381636.9634882584},HN01,2022
{'LST_1KM': 311.40016260162616},{'LST_1KM': 304.02709208819476},{'LST_1KM': 293.1415909090909},{'LST_1KM': 3.131170533556117},{'LST_1KM': 1386137.0099319844},HN01,2023
{'LST_1KM': 313.94702702702705},{'LST_1KM': 303.36399657257664},{'LST_1KM': 292.15392405063307},{'LST_1KM': 3.0060765539341396},{'LST_1KM': 1383193.4958549552},HN01,2024
{'LST_1KM': 310.82685714285714},{'LST_1KM': 300.52032407672044},{'LST_1KM': 289.62117647058824},{'LST_1KM': 2.94004373163431},{'LST_1KM': 1369835.2767397312},HN01,2025
{'LST_1KM': 315.6112280701755},{'LST_1KM': 304.1303412454483},{'LST_1KM': 292.33245283018863},{'LST_1KM': 3.43918818897308},{'LST_1KM': 2710942.723777622},HN08,2000
{'LST_1KM': 320.8467441860465},{'LST_1KM': 304.2961233661623},{'LST_1KM': 291.4},{'LST_1KM': 3.8854025200226},{'LST_1KM': 2712420.4646437312},HN08,2001
{'LST_1KM': 315.6543859649125},{'LST_1KM': 304.01995848605236},{'LST_1KM': 291.6329113924051},{'LST_1KM': 3.7763919327192594},{'LST_1KM': 2709958.7991314013},HN08,2002
{'LST_1KM': 319.04453781512603},{'LST_1KM': 304.71875286201777},{'LST_1KM': 293.08303030303034},{'LST_1KM': 3.6253253855893397},{'LST_1KM': 2716187.679555441},HN08,2003
{'LST_1KM': 318.52585858585854},{'LST_1KM': 302.6231007679111},{'LST_1KM': 291.6625454545455},{'LST_1KM': 3.7308615890267123},{'LST_1KM': 2697507.5545379147},HN08,2004
{'LST_1KM': 315.73406593406594},{'LST_1KM': 303.4843091231059},{'LST_1KM': 292.13931034482766},{'LST_1KM': 3.4022486434226087},{'LST_1KM': 2705184.153046998},HN08,2005
{'LST_1KM': 317.4142399999999},{'LST_1KM': 303.2785939827909},{'LST_1KM': 291.4614285714285},{'LST_1KM': 3.6848719067505167},{'LST_1KM': 2703350.4591099704},HN08,2006
{'LST_1KM': 316.3690163934426},{'LST_1KM': 302.42073893096904},{'LST_1KM': 291.0724000000001},{'LST_1KM': 3.49147003179972},{'LST_1KM': 2695703.7511186907},HN08,2007
{'LST_1KM': 313.9418867924528},{'LST_1KM': 302.85361519176837},{'LST_1KM': 292.23771428571433},{'LST_1KM': 3.468807984317637},{'LST_1KM': 2699562.303161556},HN08,2008
{'LST_1KM': 320.40884210526315},{'LST_1KM': 303.35088036951305},{'LST_1KM': 291.8174358974358},{'LST_1KM': 3.674643799968178},{'LST_1KM': 2703994.802102222},HN08,2009
{'LST_1KM': 314.3512605042018},{'LST_1KM': 302.7340815571395},{'LST_1KM': 292.5769811320755},{'LST_1KM': 3.451389261859977},{'LST_1KM': 2698496.8098743134},HN08,2010
{'LST_1KM': 321.8949593495935},{'LST_1KM': 302.9729756377533},{'LST_1KM': 291.6086046511627},{'LST_1KM': 3.524047749660189},{'LST_1KM': 2700626.252688014},HN08,2011
{'LST_1KM': 312.5290090090091},{'LST_1KM': 302.1309279488699},{'LST_1KM': 291.30879120879126},{'LST_1KM': 3.4628658497835954},{'LST_1KM': 2693120.447624619},HN08,2012
{'LST_1KM': 319.2853703703703},{'LST_1KM': 303.1348538629423},{'LST_1KM': 291.57214285714286},{'LST_1KM': 3.5814047162954017},{'LST_1KM': 2702069.195193905},HN08,2013
{'LST_1KM': 315.81015384615404},{'LST_1KM': 303.1338512132127},{'LST_1KM': 291.2328205128206},{'LST_1KM': 3.791466709493904},{'LST_1KM': 2702060.257821929},HN08,2014
{'LST_1KM': 316.03298245614025},{'LST_1KM': 304.4349794285688},{'LST_1KM': 292.2222499999999},{'LST_1KM': 3.8380912255256328},{'LST_1KM': 2713658.193278407},HN08,2015
{'LST_1KM': 312.23669724770645},{'LST_1KM': 304.0623844585411},{'LST_1KM': 292.05976190476184},{'LST_1KM': 3.4010274397805236},{'LST_1KM': 2710336.973768455},HN08,2016
{'LST_1KM': 318.36543859649123},{'LST_1KM': 303.3632092012408},{'LST_1KM': 291.78184210526314},{'LST_1KM': 3.3849568749531995},{'LST_1KM': 2704104.698262297},HN08,2017
{'LST_1KM': 317.35127659574476},{'LST_1KM': 303.89900219418166},{'LST_1KM': 292.3355555555555},{'LST_1KM': 3.4866349676405464},{'LST_1KM': 2708880.6246289853},HN08,2018
{'LST_1KM': 319.4269421487604},{'LST_1KM': 305.3818549557719},{'LST_1KM': 292.2952577319588},{'LST_1KM': 3.706947136457617},{'LST_1KM': 2722098.407793942},HN08,2019
{'LST_1KM': 317.91183333333333},{'LST_1KM': 305.4361805817867},{'LST_1KM': 293.6427272727273},{'LST_1KM': 3.3180264258763947},{'LST_1KM': 2722582.6530026123},HN08,2020
{'LST_1KM': 317.10593220338984},{'LST_1KM': 304.0245924376098},{'LST_1KM': 292.0424719101124},{'LST_1KM': 3.4457255132139157},{'LST_1KM': 2710000.1050307257},HN08,2021
{'LST_1KM': 317.302909090909},{'LST_1KM': 303.16342029382037},{'LST_1KM': 291.0222784810126},{'LST_1KM': 3.4223003702247037},{'LST_1KM': 2702323.8293011636},HN08,2022
{'LST_1KM': 314.3450819672131},{'LST_1KM': 303.3386774018531},{'LST_1KM': 292.38239999999996},{'LST_1KM': 3.1645316277222073},{'LST_1KM': 2703886.027863352},HN08,2023
{'LST_1KM': 313.5954237288138},{'LST_1KM': 302.61031664065234},{'LST_1KM': 292.4900000000001},{'LST_1KM': 2.947000786958893},{'LST_1KM': 2697393.5999859613},HN08,2024
{'LST_1KM': 309.7817857142857},{'LST_1KM': 299.64335874924564},{'LST_1KM': 290.0094736842106},{'LST_1KM': 3.26004696572662},{'LST_1KM': 2670946.8703550883},HN08,2025
